-- MySQL dump 10.13  Distrib 8.0.31, for Win64 (x86_64)
--
-- Host: localhost    Database: dbserver
-- ------------------------------------------------------
-- Server version	8.0.31

/*!40101 SET @OLD_CHARACTER_SET_CLIENT=@@CHARACTER_SET_CLIENT */;
/*!40101 SET @OLD_CHARACTER_SET_RESULTS=@@CHARACTER_SET_RESULTS */;
/*!40101 SET @OLD_COLLATION_CONNECTION=@@COLLATION_CONNECTION */;
/*!50503 SET NAMES utf8mb4 */;
/*!40103 SET @OLD_TIME_ZONE=@@TIME_ZONE */;
/*!40103 SET TIME_ZONE='+00:00' */;
/*!40014 SET @OLD_UNIQUE_CHECKS=@@UNIQUE_CHECKS, UNIQUE_CHECKS=0 */;
/*!40014 SET @OLD_FOREIGN_KEY_CHECKS=@@FOREIGN_KEY_CHECKS, FOREIGN_KEY_CHECKS=0 */;
/*!40101 SET @OLD_SQL_MODE=@@SQL_MODE, SQL_MODE='NO_AUTO_VALUE_ON_ZERO' */;
/*!40111 SET @OLD_SQL_NOTES=@@SQL_NOTES, SQL_NOTES=0 */;

--
-- Table structure for table `actions`
--

DROP TABLE IF EXISTS `actions`;
/*!40101 SET @saved_cs_client     = @@character_set_client */;
/*!50503 SET character_set_client = utf8mb4 */;
CREATE TABLE `actions` (
  `id` int NOT NULL AUTO_INCREMENT,
  `action` varchar(50) NOT NULL,
  `argument` varchar(20) DEFAULT NULL,
  `detail_number` int NOT NULL DEFAULT '0',
  `is_result_flag` tinyint(1) DEFAULT NULL,
  `created_at` datetime DEFAULT NULL,
  `updated_at` datetime DEFAULT NULL,
  PRIMARY KEY (`id`)
) ENGINE=InnoDB AUTO_INCREMENT=13 DEFAULT CHARSET=utf8mb4 COLLATE=utf8mb4_0900_ai_ci;
/*!40101 SET character_set_client = @saved_cs_client */;

--
-- Dumping data for table `actions`
--

LOCK TABLES `actions` WRITE;
/*!40000 ALTER TABLE `actions` DISABLE KEYS */;
INSERT INTO `actions` VALUES (1,'on','--on',0,0,NULL,NULL),(2,'get the value','--get',0,1,NULL,NULL),(3,'off','--off',0,0,NULL,NULL),(4,'waiting','wait',1,0,NULL,NULL),(5,'set infusion rate and run','--iraterun',2,0,NULL,NULL),(6,'set withdraw rate','--wrate',2,0,NULL,NULL),(7,'infusion run','--irun',0,0,NULL,NULL),(8,'withdraw run','--wrun',0,0,NULL,NULL),(9,'change position','--changePos',1,0,NULL,NULL),(10,'wait for steady-sate','--judge',0,0,NULL,NULL),(11,'set temp. and run','--setrun',1,0,NULL,NULL),(12,'alert','alert',1,0,NULL,NULL);
/*!40000 ALTER TABLE `actions` ENABLE KEYS */;
UNLOCK TABLES;

--
-- Table structure for table `device_type_action_links`
--

DROP TABLE IF EXISTS `device_type_action_links`;
/*!40101 SET @saved_cs_client     = @@character_set_client */;
/*!50503 SET character_set_client = utf8mb4 */;
CREATE TABLE `device_type_action_links` (
  `id` int NOT NULL AUTO_INCREMENT,
  `device_type_id` int NOT NULL,
  `action_id` int NOT NULL,
  `created_at` datetime DEFAULT NULL,
  `updated_at` datetime DEFAULT NULL,
  PRIMARY KEY (`id`)
) ENGINE=InnoDB AUTO_INCREMENT=29 DEFAULT CHARSET=utf8mb4 COLLATE=utf8mb4_0900_ai_ci;
/*!40101 SET character_set_client = @saved_cs_client */;

--
-- Dumping data for table `device_type_action_links`
--

LOCK TABLES `device_type_action_links` WRITE;
/*!40000 ALTER TABLE `device_type_action_links` DISABLE KEYS */;
INSERT INTO `device_type_action_links` VALUES (1,1,1,NULL,NULL),(2,1,2,NULL,NULL),(3,1,3,NULL,NULL),(4,1,4,NULL,NULL),(5,1,5,NULL,NULL),(6,1,6,NULL,NULL),(7,1,7,NULL,NULL),(8,1,8,NULL,NULL),(10,2,3,NULL,NULL),(11,2,5,NULL,NULL),(12,2,6,NULL,NULL),(13,2,7,NULL,NULL),(14,2,8,NULL,NULL),(15,3,9,NULL,NULL),(16,4,1,NULL,NULL),(17,4,2,NULL,NULL),(18,4,3,NULL,NULL),(19,5,1,NULL,NULL),(20,5,2,NULL,NULL),(21,5,3,NULL,NULL),(22,6,4,NULL,NULL),(23,1,9,NULL,NULL),(24,5,10,NULL,NULL),(26,5,11,NULL,NULL),(27,1,11,NULL,NULL),(28,6,12,NULL,NULL);
/*!40000 ALTER TABLE `device_type_action_links` ENABLE KEYS */;
UNLOCK TABLES;

--
-- Table structure for table `device_types`
--

DROP TABLE IF EXISTS `device_types`;
/*!40101 SET @saved_cs_client     = @@character_set_client */;
/*!50503 SET character_set_client = utf8mb4 */;
CREATE TABLE `device_types` (
  `id` int NOT NULL AUTO_INCREMENT,
  `device_type_name` varchar(200) NOT NULL,
  `created_at` datetime DEFAULT NULL,
  `updated_at` datetime DEFAULT NULL,
  PRIMARY KEY (`id`)
) ENGINE=InnoDB AUTO_INCREMENT=7 DEFAULT CHARSET=utf8mb4 COLLATE=utf8mb4_0900_ai_ci;
/*!40101 SET character_set_client = @saved_cs_client */;

--
-- Dumping data for table `device_types`
--

LOCK TABLES `device_types` WRITE;
/*!40000 ALTER TABLE `device_types` DISABLE KEYS */;
INSERT INTO `device_types` VALUES (1,'testType',NULL,NULL),(2,'syringePump',NULL,NULL),(3,'6-way valve',NULL,NULL),(4,'thermometer',NULL,NULL),(5,'temperature controller',NULL,NULL),(6,'No device',NULL,NULL);
/*!40000 ALTER TABLE `device_types` ENABLE KEYS */;
UNLOCK TABLES;

--
-- Table structure for table `device_value_choices`
--

DROP TABLE IF EXISTS `device_value_choices`;
/*!40101 SET @saved_cs_client     = @@character_set_client */;
/*!50503 SET character_set_client = utf8mb4 */;
CREATE TABLE `device_value_choices` (
  `id` int NOT NULL AUTO_INCREMENT,
  `device_link_id` int NOT NULL,
  `value` int DEFAULT NULL,
  `unit` varchar(200) DEFAULT NULL,
  `created_at` datetime DEFAULT NULL,
  `updated_at` datetime DEFAULT NULL,
  PRIMARY KEY (`id`)
) ENGINE=InnoDB AUTO_INCREMENT=37 DEFAULT CHARSET=utf8mb4 COLLATE=utf8mb4_0900_ai_ci;
/*!40101 SET character_set_client = @saved_cs_client */;

--
-- Dumping data for table `device_value_choices`
--

LOCK TABLES `device_value_choices` WRITE;
/*!40000 ALTER TABLE `device_value_choices` DISABLE KEYS */;
INSERT INTO `device_value_choices` VALUES (1,15,1,NULL,NULL,NULL),(2,15,2,NULL,NULL,NULL),(3,15,3,NULL,NULL,NULL),(4,15,4,NULL,NULL,NULL),(5,15,5,NULL,NULL,NULL),(6,15,6,NULL,NULL,NULL),(7,23,1,NULL,NULL,NULL),(8,23,2,NULL,NULL,NULL),(9,23,3,NULL,NULL,NULL),(10,23,4,NULL,NULL,NULL),(11,23,5,NULL,NULL,NULL),(12,23,6,NULL,NULL,NULL),(13,5,NULL,'mL/min',NULL,NULL),(14,5,NULL,'mL/s',NULL,NULL),(15,5,NULL,'μL/min',NULL,NULL),(16,5,NULL,'μL/s',NULL,NULL),(17,5,NULL,'nL/min',NULL,NULL),(18,5,NULL,'nL/s',NULL,NULL),(19,11,NULL,'mL/min',NULL,NULL),(20,11,NULL,'mL/s',NULL,NULL),(21,11,NULL,'μL/min',NULL,NULL),(22,11,NULL,'μL/s',NULL,NULL),(23,11,NULL,'nL/min',NULL,NULL),(24,11,NULL,'nL/s',NULL,NULL),(25,6,NULL,'mL/min',NULL,NULL),(26,6,NULL,'mL/s',NULL,NULL),(27,6,NULL,'μL/min',NULL,NULL),(28,6,NULL,'μL/s',NULL,NULL),(29,6,NULL,'nL/min',NULL,NULL),(30,6,NULL,'nL/s',NULL,NULL),(31,12,NULL,'mL/min',NULL,NULL),(32,12,NULL,'mL/s',NULL,NULL),(33,12,NULL,'μL/min',NULL,NULL),(34,12,NULL,'μL/s',NULL,NULL),(35,12,NULL,'nL/min',NULL,NULL),(36,12,NULL,'nL/s',NULL,NULL);
/*!40000 ALTER TABLE `device_value_choices` ENABLE KEYS */;
UNLOCK TABLES;

--
-- Table structure for table `devices`
--

DROP TABLE IF EXISTS `devices`;
/*!40101 SET @saved_cs_client     = @@character_set_client */;
/*!50503 SET character_set_client = utf8mb4 */;
CREATE TABLE `devices` (
  `id` int NOT NULL AUTO_INCREMENT,
  `experiment_title_id` int NOT NULL,
  `device_name` varchar(200) NOT NULL,
  `device_type_id` int NOT NULL,
  `created_at` datetime DEFAULT NULL,
  `updated_at` datetime DEFAULT NULL,
  PRIMARY KEY (`id`)
) ENGINE=InnoDB AUTO_INCREMENT=24 DEFAULT CHARSET=utf8mb4 COLLATE=utf8mb4_0900_ai_ci;
/*!40101 SET character_set_client = @saved_cs_client */;

--
-- Dumping data for table `devices`
--

LOCK TABLES `devices` WRITE;
/*!40000 ALTER TABLE `devices` DISABLE KEYS */;
INSERT INTO `devices` VALUES (1,1,'-',6,'2023-01-16 11:20:14',NULL),(2,2,'-',6,'2023-01-16 16:33:51',NULL),(3,2,'valve',3,'2023-01-16 16:34:13',NULL),(4,3,'-',6,'2023-01-16 17:45:16',NULL),(5,4,'-',6,'2023-01-16 17:45:49',NULL),(6,4,'valve',3,'2023-01-16 17:46:44',NULL),(7,4,'temp',5,'2023-01-16 18:01:06',NULL),(8,4,'pumpA',2,'2023-01-16 18:02:04',NULL),(9,4,'pumpB',2,'2023-01-16 18:02:23',NULL),(10,4,'pumpC',2,'2023-01-16 18:02:47',NULL),(11,5,'-',6,'2023-01-17 11:03:55',NULL),(12,5,'valve',3,'2023-01-17 11:04:33',NULL),(13,5,'pumpA',2,'2023-01-17 11:04:50',NULL),(14,5,'pumpB',2,'2023-01-17 11:05:03',NULL),(15,5,'pumpC',2,'2023-01-17 11:05:17',NULL),(16,6,'-',6,'2023-01-17 14:05:40',NULL),(17,6,'valve',3,'2023-01-17 14:12:07',NULL),(18,6,'pumpA',2,'2023-01-17 14:12:28',NULL),(19,6,'pumpB',2,'2023-01-17 14:12:50',NULL),(20,6,'pumpC',2,'2023-01-17 14:13:59',NULL),(21,6,'temp. con.',5,'2023-01-17 14:14:52',NULL),(22,7,'-',6,'2023-01-17 14:34:14',NULL),(23,8,'-',6,'2023-04-13 11:14:59',NULL);
/*!40000 ALTER TABLE `devices` ENABLE KEYS */;
UNLOCK TABLES;

--
-- Table structure for table `experiment_conditions`
--

DROP TABLE IF EXISTS `experiment_conditions`;
/*!40101 SET @saved_cs_client     = @@character_set_client */;
/*!50503 SET character_set_client = utf8mb4 */;
CREATE TABLE `experiment_conditions` (
  `id` int NOT NULL AUTO_INCREMENT,
  `experiment_procedure_id` int NOT NULL,
  `condition_title` varchar(200) NOT NULL,
  `value` varchar(200) DEFAULT NULL,
  `created_at` datetime DEFAULT NULL,
  `updated_at` datetime DEFAULT NULL,
  `device_link_id` int DEFAULT NULL,
  PRIMARY KEY (`id`)
) ENGINE=InnoDB AUTO_INCREMENT=19 DEFAULT CHARSET=utf8mb4 COLLATE=utf8mb4_0900_ai_ci;
/*!40101 SET character_set_client = @saved_cs_client */;

--
-- Dumping data for table `experiment_conditions`
--

LOCK TABLES `experiment_conditions` WRITE;
/*!40000 ALTER TABLE `experiment_conditions` DISABLE KEYS */;
INSERT INTO `experiment_conditions` VALUES (2,5,'温度','30','2023-01-16 18:06:26',NULL,26),(3,6,'温度','50','2023-01-16 18:06:26',NULL,26),(4,7,'温度','70','2023-01-16 18:06:26',NULL,26),(6,12,'valve position','5','2023-01-17 14:29:26',NULL,15),(7,13,'valve position','3','2023-01-17 14:29:26',NULL,15),(8,14,'valve position','1','2023-01-17 14:29:26',NULL,15),(10,15,'temp.','30','2023-01-17 14:31:55','2023-01-18 11:41:40',26),(11,16,'temp.','50','2023-01-17 14:31:55','2023-01-18 11:41:46',26),(12,17,'temp.','70','2023-01-17 14:31:55',NULL,26),(13,18,'valve position','5','2023-01-17 14:32:34',NULL,15),(14,19,'valve position','3','2023-01-17 14:32:34',NULL,15),(15,20,'valve position','1','2023-01-17 14:32:34',NULL,15),(16,21,'valve position','5','2023-01-17 14:32:34',NULL,15),(17,22,'valve position','3','2023-01-17 14:32:34',NULL,15),(18,23,'valve position','1','2023-01-17 14:32:34',NULL,15);
/*!40000 ALTER TABLE `experiment_conditions` ENABLE KEYS */;
UNLOCK TABLES;

--
-- Table structure for table `experiment_procedure_blocks`
--

DROP TABLE IF EXISTS `experiment_procedure_blocks`;
/*!40101 SET @saved_cs_client     = @@character_set_client */;
/*!50503 SET character_set_client = utf8mb4 */;
CREATE TABLE `experiment_procedure_blocks` (
  `id` int NOT NULL AUTO_INCREMENT,
  `experiment_procedure_id` int NOT NULL,
  `experiment_block_order` int NOT NULL,
  `device_id` int NOT NULL,
  `action_id` int NOT NULL,
  `detail` varchar(200) DEFAULT NULL,
  `condition_id` int DEFAULT NULL,
  `created_at` datetime DEFAULT NULL,
  `updated_at` datetime DEFAULT NULL,
  PRIMARY KEY (`id`)
) ENGINE=InnoDB AUTO_INCREMENT=198 DEFAULT CHARSET=utf8mb4 COLLATE=utf8mb4_0900_ai_ci;
/*!40101 SET character_set_client = @saved_cs_client */;

--
-- Dumping data for table `experiment_procedure_blocks`
--

LOCK TABLES `experiment_procedure_blocks` WRITE;
/*!40000 ALTER TABLE `experiment_procedure_blocks` DISABLE KEYS */;
INSERT INTO `experiment_procedure_blocks` VALUES (1,2,1,3,9,'1',NULL,'2023-01-16 16:34:13',NULL),(2,2,2,2,4,'5',NULL,'2023-01-16 16:34:21',NULL),(3,2,3,3,9,'3',NULL,'2023-01-16 16:34:27',NULL),(19,5,1,6,9,'1',NULL,'2023-01-16 18:06:26',NULL),(20,5,6,7,10,NULL,NULL,'2023-01-16 18:06:26',NULL),(21,5,2,8,5,'0.1 mL/min',NULL,'2023-01-16 18:06:26',NULL),(22,5,3,9,5,'0.1 mL/min',NULL,'2023-01-16 18:06:26',NULL),(23,5,4,10,5,'0.1 mL/min',NULL,'2023-01-16 18:06:26',NULL),(24,5,8,8,5,'0.4 mL/min',NULL,'2023-01-16 18:06:26',NULL),(25,5,9,9,5,'0.4 mL/min',NULL,'2023-01-16 18:06:26',NULL),(26,5,10,10,5,'0.4 mL/min',NULL,'2023-01-16 18:06:26',NULL),(27,5,11,5,4,'5',NULL,'2023-01-16 18:06:26',NULL),(28,5,12,6,9,'2',NULL,'2023-01-16 18:06:26',NULL),(29,5,13,5,4,'5',NULL,'2023-01-16 18:06:26',NULL),(30,5,14,6,9,'3',NULL,'2023-01-16 18:06:26',NULL),(31,5,15,5,4,'5',NULL,'2023-01-16 18:06:26',NULL),(32,5,5,7,11,NULL,2,'2023-01-16 18:06:26',NULL),(33,6,1,6,9,'1',NULL,'2023-01-16 18:06:26',NULL),(34,6,6,7,10,NULL,NULL,'2023-01-16 18:06:26',NULL),(35,6,2,8,5,'0.1 mL/min',NULL,'2023-01-16 18:06:26',NULL),(36,6,3,9,5,'0.1 mL/min',NULL,'2023-01-16 18:06:26',NULL),(37,6,4,10,5,'0.1 mL/min',NULL,'2023-01-16 18:06:26',NULL),(38,6,8,8,5,'0.4 mL/min',NULL,'2023-01-16 18:06:26',NULL),(39,6,9,9,5,'0.4 mL/min',NULL,'2023-01-16 18:06:26',NULL),(40,6,10,10,5,'0.4 mL/min',NULL,'2023-01-16 18:06:26',NULL),(41,6,11,5,4,'5',NULL,'2023-01-16 18:06:26',NULL),(42,6,12,6,9,'2',NULL,'2023-01-16 18:06:26',NULL),(43,6,13,5,4,'5',NULL,'2023-01-16 18:06:26',NULL),(44,6,14,6,9,'3',NULL,'2023-01-16 18:06:26',NULL),(45,6,15,5,4,'5',NULL,'2023-01-16 18:06:26',NULL),(46,6,5,7,11,NULL,3,'2023-01-16 18:06:26',NULL),(47,7,1,6,9,'1',NULL,'2023-01-16 18:06:26',NULL),(48,7,6,7,10,NULL,NULL,'2023-01-16 18:06:26',NULL),(49,7,2,8,5,'0.1 mL/min',NULL,'2023-01-16 18:06:26',NULL),(50,7,3,9,5,'0.1 mL/min',NULL,'2023-01-16 18:06:26',NULL),(51,7,4,10,5,'0.1 mL/min',NULL,'2023-01-16 18:06:26',NULL),(52,7,8,8,5,'0.4 mL/min',NULL,'2023-01-16 18:06:26',NULL),(53,7,9,9,5,'0.4 mL/min',NULL,'2023-01-16 18:06:26',NULL),(54,7,10,10,5,'0.4 mL/min',NULL,'2023-01-16 18:06:26',NULL),(55,7,11,5,4,'5',NULL,'2023-01-16 18:06:26',NULL),(56,7,12,6,9,'2',NULL,'2023-01-16 18:06:26',NULL),(57,7,13,5,4,'5',NULL,'2023-01-16 18:06:26',NULL),(58,7,14,6,9,'3',NULL,'2023-01-16 18:06:26',NULL),(59,7,15,5,4,'5',NULL,'2023-01-16 18:06:26',NULL),(60,7,5,7,11,NULL,4,'2023-01-16 18:06:26',NULL),(61,5,7,5,12,'おわった',NULL,'2023-01-16 18:18:33',NULL),(62,6,7,5,12,'おわった2',NULL,'2023-01-16 18:18:45',NULL),(63,7,7,5,12,'おわった3',NULL,'2023-01-16 18:18:53',NULL),(64,8,1,12,9,'1',NULL,'2023-01-17 11:04:33',NULL),(65,8,2,13,5,'1.2 mL/min',NULL,'2023-01-17 11:04:50','2023-01-17 11:12:05'),(66,8,3,14,5,'0.6 mL/min',NULL,'2023-01-17 11:05:03','2023-01-17 11:12:10'),(67,8,4,15,5,'0.7 mL/min',NULL,'2023-01-17 11:05:17','2023-01-17 11:13:55'),(68,8,5,11,4,'10',NULL,'2023-01-17 11:05:38',NULL),(69,8,6,12,9,'3',NULL,'2023-01-17 11:05:50',NULL),(70,8,7,11,4,'10',NULL,'2023-01-17 11:06:15',NULL),(71,8,8,12,9,'5',NULL,'2023-01-17 11:06:21',NULL),(72,8,9,11,4,'10',NULL,'2023-01-17 11:06:32',NULL),(73,9,1,17,9,'1',NULL,'2023-01-17 14:12:07',NULL),(74,9,2,18,5,'1.2 mL/min',NULL,'2023-01-17 14:12:28','2023-01-18 11:38:49'),(75,9,3,19,5,'0.4 mL/min',NULL,'2023-01-17 14:12:50','2023-01-18 11:38:55'),(76,9,4,20,5,'0.4 mL/min',NULL,'2023-01-17 14:13:59','2023-01-18 11:39:01'),(77,9,5,21,11,'30',NULL,'2023-01-17 14:14:52','2023-01-18 11:42:02'),(78,9,6,16,4,'60',NULL,'2023-01-17 14:15:10',NULL),(79,9,7,17,9,'3',NULL,'2023-01-17 14:15:29',NULL),(80,9,8,16,4,'60',NULL,'2023-01-17 14:15:38',NULL),(81,9,9,17,9,'5',NULL,'2023-01-17 14:15:56',NULL),(82,9,10,16,4,'60',NULL,'2023-01-17 14:16:05',NULL),(105,12,1,17,9,NULL,6,'2023-01-17 14:29:26',NULL),(106,12,2,16,4,'180',NULL,'2023-01-17 14:29:26','2023-01-18 10:16:38'),(107,12,3,16,12,'sampling',NULL,'2023-01-17 14:29:26',NULL),(108,12,4,16,4,'180',NULL,'2023-01-17 14:29:26',NULL),(109,12,5,16,12,'end',NULL,'2023-01-17 14:29:26',NULL),(110,12,6,16,4,'10',NULL,'2023-01-17 14:29:26',NULL),(111,13,1,17,9,NULL,7,'2023-01-17 14:29:26',NULL),(112,13,2,16,4,'180',NULL,'2023-01-17 14:29:26','2023-01-18 10:16:44'),(113,13,3,16,12,'sampling',NULL,'2023-01-17 14:29:26',NULL),(114,13,4,16,4,'180',NULL,'2023-01-17 14:29:26',NULL),(115,13,5,16,12,'end',NULL,'2023-01-17 14:29:26',NULL),(116,13,6,16,4,'10',NULL,'2023-01-17 14:29:26',NULL),(117,14,1,17,9,NULL,8,'2023-01-17 14:29:26',NULL),(118,14,2,16,4,'180',NULL,'2023-01-17 14:29:26','2023-01-18 10:16:50'),(119,14,3,16,12,'sampling',NULL,'2023-01-17 14:29:26',NULL),(120,14,4,16,4,'180',NULL,'2023-01-17 14:29:26',NULL),(121,14,5,16,12,'end',NULL,'2023-01-17 14:29:26',NULL),(122,14,6,16,4,'10',NULL,'2023-01-17 14:29:26',NULL),(124,15,1,18,5,'0.12 mL/min',NULL,'2023-01-17 14:31:55','2023-01-18 11:39:20'),(125,15,2,19,5,'0.04 mL/min',NULL,'2023-01-17 14:31:55','2023-01-18 11:39:25'),(126,15,3,20,5,'0.04 mL/min',NULL,'2023-01-17 14:31:55','2023-01-18 11:39:28'),(127,15,4,17,9,'1',NULL,'2023-01-17 14:31:55',NULL),(128,15,6,21,10,NULL,NULL,'2023-01-17 14:31:55',NULL),(129,15,7,18,5,'1.2 mL/min',NULL,'2023-01-17 14:31:55','2023-01-18 11:39:34'),(130,15,8,19,5,'0.4 mL/min',NULL,'2023-01-17 14:31:55','2023-01-18 11:39:38'),(131,15,9,20,5,'0.4 mL/min',NULL,'2023-01-17 14:31:55','2023-01-18 11:39:42'),(132,15,5,21,11,NULL,10,'2023-01-17 14:31:55',NULL),(133,16,1,18,5,'0.12 mL/min',NULL,'2023-01-17 14:31:55','2023-01-18 11:39:49'),(134,16,2,19,5,'0.04 mL/min',NULL,'2023-01-17 14:31:55','2023-01-18 11:39:54'),(135,16,3,20,5,'0.04 mL/min',NULL,'2023-01-17 14:31:55','2023-01-18 11:39:57'),(136,16,4,17,9,'1',NULL,'2023-01-17 14:31:55',NULL),(137,16,6,21,10,NULL,NULL,'2023-01-17 14:31:55',NULL),(138,16,7,18,5,'1.2 mL/min',NULL,'2023-01-17 14:31:55','2023-01-18 11:40:03'),(139,16,8,19,5,'0.4 mL/min',NULL,'2023-01-17 14:31:55','2023-01-18 11:40:07'),(140,16,9,20,5,'0.4 mL/min',NULL,'2023-01-17 14:31:55','2023-01-18 11:40:11'),(141,16,5,21,11,NULL,11,'2023-01-17 14:31:55',NULL),(142,17,1,18,5,'0.12 mL/min',NULL,'2023-01-17 14:31:55','2023-01-18 11:40:20'),(143,17,2,19,5,'0.04 mL/min',NULL,'2023-01-17 14:31:55','2023-01-18 11:40:25'),(144,17,3,20,5,'0.04 mL/min',NULL,'2023-01-17 14:31:55','2023-01-18 11:40:31'),(145,17,4,17,9,'1',NULL,'2023-01-17 14:31:55',NULL),(146,17,6,21,10,NULL,NULL,'2023-01-17 14:31:55',NULL),(147,17,7,18,5,'1.2 mL/min',NULL,'2023-01-17 14:31:55','2023-01-18 11:40:36'),(148,17,8,19,5,'0.4 mL/min',NULL,'2023-01-17 14:31:55','2023-01-18 11:40:39'),(149,17,9,20,5,'0.4 mL/min',NULL,'2023-01-17 14:31:55','2023-01-18 11:40:43'),(150,17,5,21,11,NULL,12,'2023-01-17 14:31:55',NULL),(151,18,1,17,9,NULL,13,'2023-01-17 14:32:34',NULL),(152,18,2,16,4,'180',NULL,'2023-01-17 14:32:34','2023-01-18 10:16:55'),(153,18,3,16,12,'sampling',NULL,'2023-01-17 14:32:34',NULL),(154,18,4,16,4,'180',NULL,'2023-01-17 14:32:34',NULL),(155,18,5,16,12,'end',NULL,'2023-01-17 14:32:34',NULL),(156,18,6,16,4,'10',NULL,'2023-01-17 14:32:34',NULL),(157,19,1,17,9,NULL,14,'2023-01-17 14:32:34',NULL),(158,19,2,16,4,'180',NULL,'2023-01-17 14:32:34','2023-01-18 10:16:59'),(159,19,3,16,12,'sampling',NULL,'2023-01-17 14:32:34',NULL),(160,19,4,16,4,'180',NULL,'2023-01-17 14:32:34',NULL),(161,19,5,16,12,'end',NULL,'2023-01-17 14:32:34',NULL),(162,19,6,16,4,'10',NULL,'2023-01-17 14:32:34',NULL),(163,20,1,17,9,NULL,15,'2023-01-17 14:32:34',NULL),(164,20,2,16,4,'180',NULL,'2023-01-17 14:32:34','2023-01-18 10:17:04'),(165,20,3,16,12,'sampling',NULL,'2023-01-17 14:32:34',NULL),(166,20,4,16,4,'180',NULL,'2023-01-17 14:32:34',NULL),(167,20,5,16,12,'end',NULL,'2023-01-17 14:32:34',NULL),(168,20,6,16,4,'10',NULL,'2023-01-17 14:32:34',NULL),(169,21,1,17,9,NULL,16,'2023-01-17 14:32:34',NULL),(170,21,2,16,4,'180',NULL,'2023-01-17 14:32:34','2023-01-18 10:17:10'),(171,21,3,16,12,'sampling',NULL,'2023-01-17 14:32:34',NULL),(172,21,4,16,4,'180',NULL,'2023-01-17 14:32:34',NULL),(173,21,5,16,12,'end',NULL,'2023-01-17 14:32:34',NULL),(174,21,6,16,4,'10',NULL,'2023-01-17 14:32:34',NULL),(175,22,1,17,9,NULL,17,'2023-01-17 14:32:34',NULL),(176,22,2,16,4,'180',NULL,'2023-01-17 14:32:34','2023-01-18 10:17:16'),(177,22,3,16,12,'sampling',NULL,'2023-01-17 14:32:34',NULL),(178,22,4,16,4,'180',NULL,'2023-01-17 14:32:34',NULL),(179,22,5,16,12,'end',NULL,'2023-01-17 14:32:34',NULL),(180,22,6,16,4,'10',NULL,'2023-01-17 14:32:34',NULL),(181,23,1,17,9,NULL,18,'2023-01-17 14:32:34',NULL),(182,23,2,16,4,'180',NULL,'2023-01-17 14:32:34','2023-01-18 10:17:23'),(183,23,3,16,12,'sampling',NULL,'2023-01-17 14:32:34',NULL),(184,23,4,16,4,'180',NULL,'2023-01-17 14:32:34',NULL),(185,23,5,16,12,'end',NULL,'2023-01-17 14:32:34',NULL),(186,23,6,16,4,'10',NULL,'2023-01-17 14:32:34',NULL),(187,24,1,18,3,NULL,NULL,'2023-01-17 14:33:23',NULL),(188,24,2,19,3,NULL,NULL,'2023-01-17 14:33:28',NULL),(189,24,3,20,3,NULL,NULL,'2023-01-17 14:33:33',NULL),(190,24,4,21,3,NULL,NULL,'2023-01-17 14:33:39',NULL),(191,25,1,22,4,'3',NULL,'2023-01-17 14:34:43',NULL),(192,25,2,22,12,'sample',NULL,'2023-01-17 14:34:52',NULL),(193,25,3,22,4,'5',NULL,'2023-01-17 14:34:59',NULL),(194,25,4,22,12,'end',NULL,'2023-01-17 14:35:24',NULL),(195,25,5,22,4,'4',NULL,'2023-01-17 14:35:29',NULL),(196,26,1,23,4,'10',NULL,'2023-04-13 11:15:31',NULL),(197,26,2,23,4,'5',NULL,'2023-04-13 15:53:44',NULL);
/*!40000 ALTER TABLE `experiment_procedure_blocks` ENABLE KEYS */;
UNLOCK TABLES;

--
-- Table structure for table `experiment_procedures`
--

DROP TABLE IF EXISTS `experiment_procedures`;
/*!40101 SET @saved_cs_client     = @@character_set_client */;
/*!50503 SET character_set_client = utf8mb4 */;
CREATE TABLE `experiment_procedures` (
  `id` int NOT NULL AUTO_INCREMENT,
  `experiment_title_id` int NOT NULL,
  `experiment_procedure_order` int NOT NULL,
  `experiment_procedure_title` varchar(200) NOT NULL,
  `created_at` datetime DEFAULT NULL,
  `updated_at` datetime DEFAULT NULL,
  PRIMARY KEY (`id`)
) ENGINE=InnoDB AUTO_INCREMENT=27 DEFAULT CHARSET=utf8mb4 COLLATE=utf8mb4_0900_ai_ci;
/*!40101 SET character_set_client = @saved_cs_client */;

--
-- Dumping data for table `experiment_procedures`
--

LOCK TABLES `experiment_procedures` WRITE;
/*!40000 ALTER TABLE `experiment_procedures` DISABLE KEYS */;
INSERT INTO `experiment_procedures` VALUES (1,1,1,'test','2023-01-16 11:20:23',NULL),(2,2,1,'a','2023-01-16 16:33:58',NULL),(3,1,2,'first','2023-01-16 17:45:32',NULL),(5,4,1,'first (1)','2023-01-16 18:06:26',NULL),(6,4,2,'first (2)','2023-01-16 18:06:26',NULL),(7,4,3,'first (3)','2023-01-16 18:06:26',NULL),(8,5,1,'a','2023-01-17 11:04:17',NULL),(9,6,1,'setup','2023-01-17 14:05:48','2023-01-17 14:32:34'),(12,6,3,'measure (1)','2023-01-17 14:29:26','2023-01-17 14:32:34'),(13,6,4,'measure (2)','2023-01-17 14:29:26','2023-01-17 14:32:34'),(14,6,5,'measure (3)','2023-01-17 14:29:26','2023-01-17 14:32:34'),(15,6,2,'increase temp. (1)','2023-01-17 14:31:55','2023-01-17 14:32:34'),(16,6,6,'increase temp. (2)','2023-01-17 14:31:55','2023-01-17 14:32:34'),(17,6,10,'increase temp. (3)','2023-01-17 14:31:55','2023-01-17 14:32:34'),(18,6,7,'measure (1)','2023-01-17 14:32:34',NULL),(19,6,8,'measure (2)','2023-01-17 14:32:34',NULL),(20,6,9,'measure (3)','2023-01-17 14:32:34',NULL),(21,6,11,'measure (1)','2023-01-17 14:32:34',NULL),(22,6,12,'measure (2)','2023-01-17 14:32:34',NULL),(23,6,13,'measure (3)','2023-01-17 14:32:34',NULL),(24,6,14,'shutdown','2023-01-17 14:33:11',NULL),(25,7,1,'a','2023-01-17 14:34:30',NULL),(26,8,1,'test','2023-04-13 11:15:18',NULL);
/*!40000 ALTER TABLE `experiment_procedures` ENABLE KEYS */;
UNLOCK TABLES;

--
-- Table structure for table `experiment_titles`
--

DROP TABLE IF EXISTS `experiment_titles`;
/*!40101 SET @saved_cs_client     = @@character_set_client */;
/*!50503 SET character_set_client = utf8mb4 */;
CREATE TABLE `experiment_titles` (
  `id` int NOT NULL AUTO_INCREMENT,
  `experiment_title` varchar(200) NOT NULL,
  `created_at` datetime DEFAULT NULL,
  `updated_at` datetime DEFAULT NULL,
  PRIMARY KEY (`id`)
) ENGINE=InnoDB AUTO_INCREMENT=9 DEFAULT CHARSET=utf8mb4 COLLATE=utf8mb4_0900_ai_ci;
/*!40101 SET character_set_client = @saved_cs_client */;

--
-- Dumping data for table `experiment_titles`
--

LOCK TABLES `experiment_titles` WRITE;
/*!40000 ALTER TABLE `experiment_titles` DISABLE KEYS */;
INSERT INTO `experiment_titles` VALUES (1,'test','2023-01-16 11:20:14',NULL),(2,'valve','2023-01-16 16:33:51',NULL),(3,'test','2023-01-16 17:45:16',NULL),(4,'test all','2023-01-16 17:45:49',NULL),(5,'0117_test','2023-01-17 11:03:55',NULL),(6,'0117_3flow','2023-01-17 14:05:40',NULL),(7,'alert','2023-01-17 14:34:14',NULL),(8,'20230413','2023-04-13 11:14:59',NULL);
/*!40000 ALTER TABLE `experiment_titles` ENABLE KEYS */;
UNLOCK TABLES;

--
-- Table structure for table `result_conditions`
--

DROP TABLE IF EXISTS `result_conditions`;
/*!40101 SET @saved_cs_client     = @@character_set_client */;
/*!50503 SET character_set_client = utf8mb4 */;
CREATE TABLE `result_conditions` (
  `id` int NOT NULL AUTO_INCREMENT,
  `result_procedure_id` int NOT NULL,
  `condition_title` varchar(200) NOT NULL,
  `value` varchar(200) NOT NULL,
  `created_at` datetime DEFAULT NULL,
  PRIMARY KEY (`id`)
) ENGINE=InnoDB AUTO_INCREMENT=43 DEFAULT CHARSET=utf8mb4 COLLATE=utf8mb4_0900_ai_ci;
/*!40101 SET character_set_client = @saved_cs_client */;

--
-- Dumping data for table `result_conditions`
--

LOCK TABLES `result_conditions` WRITE;
/*!40000 ALTER TABLE `result_conditions` DISABLE KEYS */;
INSERT INTO `result_conditions` VALUES (1,2,'温度','30','2023-01-16 18:07:30'),(2,3,'温度','50','2023-01-16 18:07:30'),(3,4,'温度','70','2023-01-16 18:07:30'),(4,5,'温度','30','2023-01-16 18:19:58'),(5,6,'温度','50','2023-01-16 18:19:58'),(6,7,'温度','70','2023-01-16 18:19:58'),(7,15,'temp.','30','2023-01-17 16:31:50'),(8,16,'valve position','5','2023-01-17 16:31:50'),(9,17,'valve position','3','2023-01-17 16:31:50'),(10,18,'valve position','1','2023-01-17 16:31:50'),(11,19,'temp.','50','2023-01-17 16:31:50'),(12,20,'valve position','5','2023-01-17 16:31:50'),(13,21,'valve position','3','2023-01-17 16:31:50'),(14,22,'valve position','1','2023-01-17 16:31:50'),(15,23,'temp.','70','2023-01-17 16:31:50'),(16,24,'valve position','5','2023-01-17 16:31:50'),(17,25,'valve position','3','2023-01-17 16:31:50'),(18,26,'valve position','1','2023-01-17 16:31:50'),(19,29,'temp.','30','2023-01-18 15:36:16'),(20,30,'valve position','5','2023-01-18 15:36:16'),(21,31,'valve position','3','2023-01-18 15:36:16'),(22,32,'valve position','1','2023-01-18 15:36:16'),(23,33,'temp.','50','2023-01-18 15:36:16'),(24,34,'valve position','5','2023-01-18 15:36:16'),(25,35,'valve position','3','2023-01-18 15:36:16'),(26,36,'valve position','1','2023-01-18 15:36:16'),(27,37,'temp.','70','2023-01-18 15:36:16'),(28,38,'valve position','5','2023-01-18 15:36:16'),(29,39,'valve position','3','2023-01-18 15:36:16'),(30,40,'valve position','1','2023-01-18 15:36:16'),(31,43,'temp.','30','2023-01-19 13:33:46'),(32,44,'valve position','5','2023-01-19 13:33:46'),(33,45,'valve position','3','2023-01-19 13:33:46'),(34,46,'valve position','1','2023-01-19 13:33:46'),(35,47,'temp.','50','2023-01-19 13:33:46'),(36,48,'valve position','5','2023-01-19 13:33:46'),(37,49,'valve position','3','2023-01-19 13:33:46'),(38,50,'valve position','1','2023-01-19 13:33:46'),(39,51,'temp.','70','2023-01-19 13:33:46'),(40,52,'valve position','5','2023-01-19 13:33:46'),(41,53,'valve position','3','2023-01-19 13:33:46'),(42,54,'valve position','1','2023-01-19 13:33:46');
/*!40000 ALTER TABLE `result_conditions` ENABLE KEYS */;
UNLOCK TABLES;

--
-- Table structure for table `result_data`
--

DROP TABLE IF EXISTS `result_data`;
/*!40101 SET @saved_cs_client     = @@character_set_client */;
/*!50503 SET character_set_client = utf8mb4 */;
CREATE TABLE `result_data` (
  `id` int NOT NULL AUTO_INCREMENT,
  `run_id` int NOT NULL,
  `data` varchar(200) NOT NULL,
  `created_at` datetime DEFAULT NULL,
  PRIMARY KEY (`id`)
) ENGINE=InnoDB AUTO_INCREMENT=6 DEFAULT CHARSET=utf8mb4 COLLATE=utf8mb4_0900_ai_ci;
/*!40101 SET character_set_client = @saved_cs_client */;

--
-- Dumping data for table `result_data`
--

LOCK TABLES `result_data` WRITE;
/*!40000 ALTER TABLE `result_data` DISABLE KEYS */;
INSERT INTO `result_data` VALUES (1,18,'null','2023-04-13 15:52:14'),(2,19,'null','2023-04-13 15:53:55'),(3,35,'null','2023-04-13 16:46:34'),(4,36,'null','2023-04-24 13:49:24'),(5,37,'null','2023-04-27 13:32:46');
/*!40000 ALTER TABLE `result_data` ENABLE KEYS */;
UNLOCK TABLES;

--
-- Table structure for table `result_devices`
--

DROP TABLE IF EXISTS `result_devices`;
/*!40101 SET @saved_cs_client     = @@character_set_client */;
/*!50503 SET character_set_client = utf8mb4 */;
CREATE TABLE `result_devices` (
  `id` int NOT NULL AUTO_INCREMENT,
  `run_id` int NOT NULL,
  `device_name` varchar(200) NOT NULL,
  `result_device_name` varchar(200) NOT NULL DEFAULT 'NoName',
  `result_device_model` varchar(200) DEFAULT NULL,
  `result_device_company` varchar(200) DEFAULT NULL,
  `result_device_serialnumber` varchar(200) DEFAULT NULL,
  `created_at` datetime DEFAULT NULL,
  PRIMARY KEY (`id`)
) ENGINE=InnoDB AUTO_INCREMENT=80 DEFAULT CHARSET=utf8mb4 COLLATE=utf8mb4_0900_ai_ci;
/*!40101 SET character_set_client = @saved_cs_client */;

--
-- Dumping data for table `result_devices`
--

LOCK TABLES `result_devices` WRITE;
/*!40000 ALTER TABLE `result_devices` DISABLE KEYS */;
INSERT INTO `result_devices` VALUES (1,1,'-','-',NULL,NULL,NULL,'2023-01-16 16:35:01'),(2,1,'valve','valve','VA-21-618','FLOM','2601R0402','2023-01-16 16:35:01'),(3,2,'-','-',NULL,NULL,NULL,'2023-01-16 18:07:30'),(4,2,'valve','valve','VA-21-618','FLOM','2601R0402','2023-01-16 18:07:30'),(5,2,'temp','tempController','BH501','yamato','65100342','2023-01-16 18:07:30'),(6,2,'pumpA','Syringe Pump','PHD ULTRA','Harvard Apparatus','-','2023-01-16 18:07:30'),(7,2,'pumpB','syringe pump','PHD Ultra','Harvard Apparatus','-','2023-01-16 18:07:30'),(8,2,'pumpC','Syringe Pump','PHD ULTRA','Harvard Apparatus','-','2023-01-16 18:07:30'),(9,3,'-','-',NULL,NULL,NULL,'2023-01-16 18:19:58'),(10,3,'valve','valve','VA-21-618','FLOM','2601R0402','2023-01-16 18:19:58'),(11,3,'temp','tempController','BH501','yamato','65100342','2023-01-16 18:19:58'),(12,3,'pumpA','Syringe Pump','PHD ULTRA','Harvard Apparatus','-','2023-01-16 18:19:58'),(13,3,'pumpB','syringe pump','PHD Ultra','Harvard Apparatus','-','2023-01-16 18:19:58'),(14,3,'pumpC','Syringe Pump','PHD ULTRA','Harvard Apparatus','-','2023-01-16 18:19:58'),(15,4,'-','-',NULL,NULL,NULL,'2023-01-17 11:07:23'),(16,4,'valve','valve','VA-21-618','FLOM','2601R0402','2023-01-17 11:07:23'),(17,4,'pumpA','Syringe Pump','PHD ULTRA','Harvard Apparatus','-','2023-01-17 11:07:23'),(18,4,'pumpB','Syringe Pump','PHD ULTRA','Harvard Apparatus','-','2023-01-17 11:07:23'),(19,4,'pumpC','syringe pump','PHD Ultra','Harvard Apparatus','-','2023-01-17 11:07:23'),(20,5,'-','-',NULL,NULL,NULL,'2023-01-17 11:13:22'),(21,5,'valve','valve','VA-21-618','FLOM','2601R0402','2023-01-17 11:13:22'),(22,5,'pumpA','Syringe Pump','PHD ULTRA','Harvard Apparatus','-','2023-01-17 11:13:22'),(23,5,'pumpB','Syringe Pump','PHD ULTRA','Harvard Apparatus','-','2023-01-17 11:13:22'),(24,5,'pumpC','syringe pump','PHD Ultra','Harvard Apparatus','-','2023-01-17 11:13:22'),(25,6,'-','-',NULL,NULL,NULL,'2023-01-17 11:14:11'),(26,6,'valve','valve','VA-21-618','FLOM','2601R0402','2023-01-17 11:14:11'),(27,6,'pumpA','Syringe Pump','PHD ULTRA','Harvard Apparatus','-','2023-01-17 11:14:11'),(28,6,'pumpB','Syringe Pump','PHD ULTRA','Harvard Apparatus','-','2023-01-17 11:14:11'),(29,6,'pumpC','syringe pump','PHD Ultra','Harvard Apparatus','-','2023-01-17 11:14:11'),(30,7,'-','-',NULL,NULL,NULL,'2023-01-17 11:22:31'),(31,7,'valve','valve','VA-21-618','FLOM','2601R0402','2023-01-17 11:22:31'),(32,7,'pumpA','Syringe Pump','PHD ULTRA','Harvard Apparatus','-','2023-01-17 11:22:31'),(33,7,'pumpB','Syringe Pump','PHD ULTRA','Harvard Apparatus','-','2023-01-17 11:22:31'),(34,7,'pumpC','syringe pump','PHD Ultra','Harvard Apparatus','-','2023-01-17 11:22:31'),(35,8,'-','-',NULL,NULL,NULL,'2023-01-17 14:35:42'),(36,9,'-','-',NULL,NULL,NULL,'2023-01-17 14:36:09'),(37,10,'-','-',NULL,NULL,NULL,'2023-01-17 16:31:50'),(38,10,'valve','valve','VA-21-618','FLOM','2601R0402','2023-01-17 16:31:50'),(39,10,'pumpA','Syringe Pump','PHD ULTRA','Harvard Apparatus','-','2023-01-17 16:31:50'),(40,10,'pumpB','Syringe Pump','PHD ULTRA','Harvard Apparatus','-','2023-01-17 16:31:50'),(41,10,'pumpC','syringe pump','PHD Ultra','Harvard Apparatus','-','2023-01-17 16:31:50'),(42,10,'temp. con.','tempController','BH501','yamato','65100342','2023-01-17 16:31:50'),(43,11,'-','-',NULL,NULL,NULL,'2023-01-18 15:36:16'),(44,11,'valve','valve','VA-21-618','FLOM','2601R0402','2023-01-18 15:36:16'),(45,11,'pumpA','Syringe Pump','PHD ULTRA','Harvard Apparatus','-','2023-01-18 15:36:16'),(46,11,'pumpB','Syringe Pump','PHD ULTRA','Harvard Apparatus','-','2023-01-18 15:36:16'),(47,11,'pumpC','syringe pump','PHD Ultra','Harvard Apparatus','-','2023-01-18 15:36:16'),(48,11,'temp. con.','tempController','BH501','yamato','65100342','2023-01-18 15:36:16'),(49,12,'-','-',NULL,NULL,NULL,'2023-01-19 13:33:46'),(50,12,'valve','valve','VA-21-618','FLOM','2601R0402','2023-01-19 13:33:46'),(51,12,'pumpA','Syringe Pump','PHD ULTRA','Harvard Apparatus','-','2023-01-19 13:33:46'),(52,12,'pumpB','Syringe Pump','PHD ULTRA','Harvard Apparatus','-','2023-01-19 13:33:46'),(53,12,'pumpC','syringe pump','PHD Ultra','Harvard Apparatus','-','2023-01-19 13:33:46'),(54,12,'temp. con.','tempController','BH501','yamato','65100342','2023-01-19 13:33:46'),(55,13,'-','-',NULL,NULL,NULL,'2023-04-13 11:15:42'),(56,14,'-','-',NULL,NULL,NULL,'2023-04-13 15:32:35'),(57,15,'-','-',NULL,NULL,NULL,'2023-04-13 15:37:02'),(58,16,'-','-',NULL,NULL,NULL,'2023-04-13 15:46:44'),(59,17,'-','-',NULL,NULL,NULL,'2023-04-13 15:50:34'),(60,18,'-','-',NULL,NULL,NULL,'2023-04-13 15:52:14'),(61,19,'-','-',NULL,NULL,NULL,'2023-04-13 15:53:55'),(62,20,'-','-',NULL,NULL,NULL,'2023-04-13 15:57:39'),(63,21,'-','-',NULL,NULL,NULL,'2023-04-13 16:07:25'),(64,22,'-','-',NULL,NULL,NULL,'2023-04-13 16:11:30'),(65,23,'-','-',NULL,NULL,NULL,'2023-04-13 16:12:50'),(66,24,'-','-',NULL,NULL,NULL,'2023-04-13 16:14:47'),(67,25,'-','-',NULL,NULL,NULL,'2023-04-13 16:16:07'),(68,26,'-','-',NULL,NULL,NULL,'2023-04-13 16:24:44'),(69,27,'-','-',NULL,NULL,NULL,'2023-04-13 16:25:53'),(70,28,'-','-',NULL,NULL,NULL,'2023-04-13 16:29:11'),(71,29,'-','-',NULL,NULL,NULL,'2023-04-13 16:29:57'),(72,30,'-','-',NULL,NULL,NULL,'2023-04-13 16:33:14'),(73,31,'-','-',NULL,NULL,NULL,'2023-04-13 16:34:25'),(74,32,'-','-',NULL,NULL,NULL,'2023-04-13 16:34:54'),(75,33,'-','-',NULL,NULL,NULL,'2023-04-13 16:36:14'),(76,34,'-','-',NULL,NULL,NULL,'2023-04-13 16:46:22'),(77,35,'-','-',NULL,NULL,NULL,'2023-04-13 16:46:34'),(78,36,'-','-',NULL,NULL,NULL,'2023-04-24 13:49:24'),(79,37,'-','-',NULL,NULL,NULL,'2023-04-27 13:32:46');
/*!40000 ALTER TABLE `result_devices` ENABLE KEYS */;
UNLOCK TABLES;

--
-- Table structure for table `result_procedure_blocks`
--

DROP TABLE IF EXISTS `result_procedure_blocks`;
/*!40101 SET @saved_cs_client     = @@character_set_client */;
/*!50503 SET character_set_client = utf8mb4 */;
CREATE TABLE `result_procedure_blocks` (
  `id` int NOT NULL AUTO_INCREMENT,
  `result_procedure_id` int NOT NULL,
  `result_block_order` int NOT NULL,
  `result_device_id` int NOT NULL,
  `action_name` varchar(200) NOT NULL,
  `action_argument` varchar(200) NOT NULL,
  `detail` varchar(200) DEFAULT NULL,
  `created_at` datetime DEFAULT NULL,
  PRIMARY KEY (`id`)
) ENGINE=InnoDB AUTO_INCREMENT=415 DEFAULT CHARSET=utf8mb4 COLLATE=utf8mb4_0900_ai_ci;
/*!40101 SET character_set_client = @saved_cs_client */;

--
-- Dumping data for table `result_procedure_blocks`
--

LOCK TABLES `result_procedure_blocks` WRITE;
/*!40000 ALTER TABLE `result_procedure_blocks` DISABLE KEYS */;
INSERT INTO `result_procedure_blocks` VALUES (1,1,1,2,'change position','--changePos','1','2023-01-16 16:35:02'),(2,1,2,1,'waiting','wait','5','2023-01-16 16:35:07'),(3,1,3,2,'change position','--changePos','3','2023-01-16 16:35:07'),(4,2,1,4,'change position','--changePos','1','2023-01-16 18:07:31'),(5,2,2,6,'set infusion rate and run','--iraterun','0.1 mL/min','2023-01-16 18:07:32'),(6,2,3,7,'set infusion rate and run','--iraterun','0.1 mL/min','2023-01-16 18:07:32'),(7,2,4,8,'set infusion rate and run','--iraterun','0.1 mL/min','2023-01-16 18:07:33'),(8,2,5,5,'set temp. and run','--setrun','30','2023-01-16 18:07:35'),(9,5,1,10,'change position','--changePos','1','2023-01-16 18:19:58'),(10,5,2,12,'set infusion rate and run','--iraterun','0.1 mL/min','2023-01-16 18:19:59'),(11,5,3,13,'set infusion rate and run','--iraterun','0.1 mL/min','2023-01-16 18:20:00'),(12,5,4,14,'set infusion rate and run','--iraterun','0.1 mL/min','2023-01-16 18:20:00'),(13,5,5,11,'set temp. and run','--setrun','30','2023-01-16 18:20:01'),(14,5,6,11,'wait for steady-sate','--judge','719','2023-01-16 18:32:01'),(15,5,7,9,'alert','alert','おわった','2023-01-16 18:32:01'),(16,5,8,12,'set infusion rate and run','--iraterun','0.4 mL/min','2023-01-16 18:32:02'),(17,5,9,13,'set infusion rate and run','--iraterun','0.4 mL/min','2023-01-16 18:32:02'),(18,5,10,14,'set infusion rate and run','--iraterun','0.4 mL/min','2023-01-16 18:32:03'),(19,5,11,9,'waiting','wait','5','2023-01-16 18:32:08'),(20,5,12,10,'change position','--changePos','2','2023-01-16 18:32:08'),(21,5,13,9,'waiting','wait','5','2023-01-16 18:32:13'),(22,5,14,10,'change position','--changePos','3','2023-01-16 18:32:14'),(23,5,15,9,'waiting','wait','5','2023-01-16 18:32:19'),(24,6,1,10,'change position','--changePos','1','2023-01-16 18:32:19'),(25,6,2,12,'set infusion rate and run','--iraterun','0.1 mL/min','2023-01-16 18:32:20'),(26,6,3,13,'set infusion rate and run','--iraterun','0.1 mL/min','2023-01-16 18:32:20'),(27,6,4,14,'set infusion rate and run','--iraterun','0.1 mL/min','2023-01-16 18:32:21'),(28,6,5,11,'set temp. and run','--setrun','50','2023-01-16 18:32:22'),(29,6,6,11,'wait for steady-sate','--judge','1535','2023-01-16 18:57:58'),(30,6,7,9,'alert','alert','おわった2','2023-01-16 18:57:58'),(31,6,8,12,'set infusion rate and run','--iraterun','0.4 mL/min','2023-01-16 18:57:58'),(32,6,9,13,'set infusion rate and run','--iraterun','0.4 mL/min','2023-01-16 18:57:59'),(33,6,10,14,'set infusion rate and run','--iraterun','0.4 mL/min','2023-01-16 18:58:00'),(34,6,11,9,'waiting','wait','5','2023-01-16 18:58:05'),(35,6,12,10,'change position','--changePos','2','2023-01-16 18:58:05'),(36,6,13,9,'waiting','wait','5','2023-01-16 18:58:10'),(37,6,14,10,'change position','--changePos','3','2023-01-16 18:58:10'),(38,6,15,9,'waiting','wait','5','2023-01-16 18:58:15'),(39,7,1,10,'change position','--changePos','1','2023-01-16 18:58:16'),(40,7,2,12,'set infusion rate and run','--iraterun','0.1 mL/min','2023-01-16 18:58:16'),(41,7,3,13,'set infusion rate and run','--iraterun','0.1 mL/min','2023-01-16 18:58:17'),(42,7,4,14,'set infusion rate and run','--iraterun','0.1 mL/min','2023-01-16 18:58:18'),(43,7,5,11,'set temp. and run','--setrun','70','2023-01-16 18:58:19'),(44,7,6,11,'wait for steady-sate','--judge','1577','2023-01-16 19:24:39'),(45,7,7,9,'alert','alert','おわった3','2023-01-16 19:24:39'),(46,7,8,12,'set infusion rate and run','--iraterun','0.4 mL/min','2023-01-16 19:24:39'),(47,7,9,13,'set infusion rate and run','--iraterun','0.4 mL/min','2023-01-16 19:24:40'),(48,7,10,14,'set infusion rate and run','--iraterun','0.4 mL/min','2023-01-16 19:24:41'),(49,7,11,9,'waiting','wait','5','2023-01-16 19:24:46'),(50,7,12,10,'change position','--changePos','2','2023-01-16 19:24:46'),(51,7,13,9,'waiting','wait','5','2023-01-16 19:24:51'),(52,7,14,10,'change position','--changePos','3','2023-01-16 19:24:52'),(53,7,15,9,'waiting','wait','5','2023-01-16 19:24:57'),(54,8,1,16,'change position','--changePos','1','2023-01-17 11:07:24'),(55,8,2,17,'set infusion rate and run','--iraterun','0.6 mL/min','2023-01-17 11:07:24'),(56,8,3,18,'set infusion rate and run','--iraterun','0.2 mL/min','2023-01-17 11:07:25'),(57,8,4,19,'set infusion rate and run','--iraterun','0.2 mL/min','2023-01-17 11:07:26'),(58,9,1,21,'change position','--changePos','1','2023-01-17 11:13:23'),(59,9,2,22,'set infusion rate and run','--iraterun','1.2 mL/min','2023-01-17 11:13:24'),(60,9,3,23,'set infusion rate and run','--iraterun','0.6 mL/min','2023-01-17 11:13:24'),(61,9,4,24,'set infusion rate and run','--iraterun','0.6 mL/min','2023-01-17 11:13:25'),(62,9,5,20,'waiting','wait','10','2023-01-17 11:13:35'),(63,9,6,21,'change position','--changePos','3','2023-01-17 11:13:35'),(64,10,1,26,'change position','--changePos','1','2023-01-17 11:14:11'),(65,10,2,27,'set infusion rate and run','--iraterun','1.2 mL/min','2023-01-17 11:14:12'),(66,10,3,28,'set infusion rate and run','--iraterun','0.6 mL/min','2023-01-17 11:14:12'),(67,10,4,29,'set infusion rate and run','--iraterun','0.7 mL/min','2023-01-17 11:14:13'),(68,10,4,29,'set infusion rate and run','--iraterun','0.7 mL/min','2023-01-17 11:15:16'),(69,10,5,25,'waiting','wait','10','2023-01-17 11:15:26'),(70,10,6,26,'change position','--changePos','3','2023-01-17 11:15:26'),(71,10,6,26,'change position','--changePos','3','2023-01-17 11:16:25'),(72,10,7,25,'waiting','wait','10','2023-01-17 11:16:35'),(73,10,8,26,'change position','--changePos','5','2023-01-17 11:16:36'),(74,11,1,31,'change position','--changePos','1','2023-01-17 11:22:31'),(75,11,2,32,'set infusion rate and run','--iraterun','1.2 mL/min','2023-01-17 11:22:32'),(76,11,3,33,'set infusion rate and run','--iraterun','0.6 mL/min','2023-01-17 11:22:33'),(77,11,4,34,'set infusion rate and run','--iraterun','0.7 mL/min','2023-01-17 11:22:33'),(78,11,4,34,'set infusion rate and run','--iraterun','0.7 mL/min','2023-01-17 11:22:47'),(79,11,5,30,'waiting','wait','10','2023-01-17 11:22:57'),(80,11,6,31,'change position','--changePos','3','2023-01-17 11:22:57'),(81,11,6,31,'change position','--changePos','3','2023-01-17 11:23:22'),(82,11,7,30,'waiting','wait','10','2023-01-17 11:23:32'),(83,11,8,31,'change position','--changePos','5','2023-01-17 11:23:33'),(84,11,9,30,'waiting','wait','10','2023-01-17 11:23:43'),(85,12,1,35,'waiting','wait','3','2023-01-17 14:35:45'),(86,12,2,35,'alert','alert','sample','2023-01-17 14:35:45'),(87,12,3,35,'waiting','wait','5','2023-01-17 14:35:50'),(88,12,4,35,'alert','alert','end','2023-01-17 14:35:50'),(89,12,5,35,'waiting','wait','4','2023-01-17 14:35:54'),(90,13,1,36,'waiting','wait','3','2023-01-17 14:36:12'),(91,13,2,36,'alert','alert','sample','2023-01-17 14:36:12'),(92,13,3,36,'waiting','wait','5','2023-01-17 14:36:17'),(93,13,4,36,'alert','alert','end','2023-01-17 14:36:17'),(94,13,5,36,'waiting','wait','4','2023-01-17 14:36:21'),(95,14,1,38,'change position','--changePos','1','2023-01-17 16:31:50'),(96,14,2,39,'set infusion rate and run','--iraterun','0.6 mL/min','2023-01-17 16:31:51'),(97,14,3,40,'set infusion rate and run','--iraterun','0.2 mL/min','2023-01-17 16:31:51'),(98,14,4,41,'set infusion rate and run','--iraterun','0.2 mL/min','2023-01-17 16:31:52'),(99,14,5,42,'set temp. and run','--setrun','30','2023-01-17 16:31:53'),(100,14,6,37,'waiting','wait','60','2023-01-17 16:32:53'),(101,14,7,38,'change position','--changePos','3','2023-01-17 16:32:53'),(102,14,8,37,'waiting','wait','60','2023-01-17 16:33:53'),(103,14,9,38,'change position','--changePos','5','2023-01-17 16:33:54'),(104,14,10,37,'waiting','wait','60','2023-01-17 16:34:54'),(105,15,1,39,'set infusion rate and run','--iraterun','0.06 mL/min','2023-01-17 16:34:54'),(106,15,2,40,'set infusion rate and run','--iraterun','0.02 mL/min','2023-01-17 16:34:55'),(107,15,3,41,'set infusion rate and run','--iraterun','0.02 mL/min','2023-01-17 16:34:56'),(108,15,4,38,'change position','--changePos','1','2023-01-17 16:34:56'),(109,15,5,42,'set temp. and run','--setrun','30','2023-01-17 16:34:57'),(110,15,6,42,'wait for steady-sate','--judge','798','2023-01-17 16:48:15'),(111,15,7,39,'set infusion rate and run','--iraterun','0.6 mL/min','2023-01-17 16:48:16'),(112,15,8,40,'set infusion rate and run','--iraterun','0.2 mL/min','2023-01-17 16:48:17'),(113,15,9,41,'set infusion rate and run','--iraterun','0.2 mL/min','2023-01-17 16:48:17'),(114,16,1,38,'change position','--changePos','5','2023-01-17 16:48:18'),(115,16,2,37,'waiting','wait','120','2023-01-17 16:50:18'),(116,16,3,37,'alert','alert','sampling','2023-01-17 16:50:18'),(117,16,4,37,'waiting','wait','180','2023-01-17 16:53:18'),(118,16,5,37,'alert','alert','end','2023-01-17 16:53:18'),(119,16,6,37,'waiting','wait','10','2023-01-17 16:53:28'),(120,17,1,38,'change position','--changePos','3','2023-01-17 16:53:28'),(121,17,2,37,'waiting','wait','120','2023-01-17 16:55:28'),(122,17,3,37,'alert','alert','sampling','2023-01-17 16:55:28'),(123,17,4,37,'waiting','wait','180','2023-01-17 16:58:28'),(124,17,5,37,'alert','alert','end','2023-01-17 16:58:28'),(125,17,6,37,'waiting','wait','10','2023-01-17 16:58:38'),(126,18,1,38,'change position','--changePos','1','2023-01-17 16:58:39'),(127,18,2,37,'waiting','wait','120','2023-01-17 17:00:39'),(128,18,3,37,'alert','alert','sampling','2023-01-17 17:00:39'),(129,18,4,37,'waiting','wait','180','2023-01-17 17:03:39'),(130,18,5,37,'alert','alert','end','2023-01-17 17:03:39'),(131,18,6,37,'waiting','wait','10','2023-01-17 17:03:49'),(132,19,1,39,'set infusion rate and run','--iraterun','0.06 mL/min','2023-01-17 17:03:50'),(133,19,2,40,'set infusion rate and run','--iraterun','0.02 mL/min','2023-01-17 17:03:50'),(134,19,3,41,'set infusion rate and run','--iraterun','0.02 mL/min','2023-01-17 17:03:51'),(135,19,4,38,'change position','--changePos','1','2023-01-17 17:03:51'),(136,19,5,42,'set temp. and run','--setrun','50','2023-01-17 17:03:53'),(137,19,6,42,'wait for steady-sate','--judge','1603','2023-01-17 17:30:38'),(138,19,7,39,'set infusion rate and run','--iraterun','0.6 mL/min','2023-01-17 17:30:38'),(139,19,8,40,'set infusion rate and run','--iraterun','0.2 mL/min','2023-01-17 17:30:39'),(140,19,9,41,'set infusion rate and run','--iraterun','0.2 mL/min','2023-01-17 17:30:39'),(141,20,1,38,'change position','--changePos','5','2023-01-17 17:30:40'),(142,20,2,37,'waiting','wait','120','2023-01-17 17:32:40'),(143,20,3,37,'alert','alert','sampling','2023-01-17 17:32:40'),(144,20,4,37,'waiting','wait','180','2023-01-17 17:35:40'),(145,20,5,37,'alert','alert','end','2023-01-17 17:35:40'),(146,20,6,37,'waiting','wait','10','2023-01-17 17:35:50'),(147,21,1,38,'change position','--changePos','3','2023-01-17 17:35:50'),(148,21,2,37,'waiting','wait','120','2023-01-17 17:37:50'),(149,21,3,37,'alert','alert','sampling','2023-01-17 17:37:50'),(150,21,4,37,'waiting','wait','180','2023-01-17 17:40:50'),(151,21,5,37,'alert','alert','end','2023-01-17 17:40:50'),(152,21,6,37,'waiting','wait','10','2023-01-17 17:41:00'),(153,22,1,38,'change position','--changePos','1','2023-01-17 17:41:01'),(154,22,2,37,'waiting','wait','120','2023-01-17 17:43:01'),(155,22,3,37,'alert','alert','sampling','2023-01-17 17:43:01'),(156,22,4,37,'waiting','wait','180','2023-01-17 17:46:01'),(157,22,5,37,'alert','alert','end','2023-01-17 17:46:01'),(158,22,6,37,'waiting','wait','10','2023-01-17 17:46:11'),(159,23,1,39,'set infusion rate and run','--iraterun','0.06 mL/min','2023-01-17 17:46:12'),(160,23,2,40,'set infusion rate and run','--iraterun','0.02 mL/min','2023-01-17 17:46:12'),(161,23,3,41,'set infusion rate and run','--iraterun','0.02 mL/min','2023-01-17 17:46:13'),(162,23,4,38,'change position','--changePos','1','2023-01-17 17:46:13'),(163,23,5,42,'set temp. and run','--setrun','70','2023-01-17 17:46:14'),(164,23,6,42,'wait for steady-sate','--judge','1696','2023-01-17 18:14:31'),(165,23,7,39,'set infusion rate and run','--iraterun','0.6 mL/min','2023-01-17 18:14:32'),(166,23,8,40,'set infusion rate and run','--iraterun','0.2 mL/min','2023-01-17 18:14:33'),(167,23,9,41,'set infusion rate and run','--iraterun','0.2 mL/min','2023-01-17 18:14:33'),(168,24,1,38,'change position','--changePos','5','2023-01-17 18:14:34'),(169,24,2,37,'waiting','wait','120','2023-01-17 18:16:34'),(170,24,3,37,'alert','alert','sampling','2023-01-17 18:16:34'),(171,24,4,37,'waiting','wait','180','2023-01-17 18:19:34'),(172,24,5,37,'alert','alert','end','2023-01-17 18:19:34'),(173,24,6,37,'waiting','wait','10','2023-01-17 18:19:44'),(174,25,1,38,'change position','--changePos','3','2023-01-17 18:19:44'),(175,25,2,37,'waiting','wait','120','2023-01-17 18:21:44'),(176,25,3,37,'alert','alert','sampling','2023-01-17 18:21:44'),(177,25,4,37,'waiting','wait','180','2023-01-17 18:24:44'),(178,25,5,37,'alert','alert','end','2023-01-17 18:24:44'),(179,25,6,37,'waiting','wait','10','2023-01-17 18:24:54'),(180,26,1,38,'change position','--changePos','1','2023-01-17 18:24:55'),(181,26,2,37,'waiting','wait','120','2023-01-17 18:26:55'),(182,26,3,37,'alert','alert','sampling','2023-01-17 18:26:55'),(183,26,4,37,'waiting','wait','180','2023-01-17 18:29:55'),(184,26,5,37,'alert','alert','end','2023-01-17 18:29:55'),(185,26,6,37,'waiting','wait','10','2023-01-17 18:30:05'),(186,27,1,39,'off','--off',NULL,'2023-01-17 18:30:05'),(187,27,2,40,'off','--off',NULL,'2023-01-17 18:30:06'),(188,27,3,41,'off','--off',NULL,'2023-01-17 18:30:07'),(189,27,4,42,'off','--off',NULL,'2023-01-17 18:30:07'),(190,28,1,44,'change position','--changePos','1','2023-01-18 15:36:17'),(191,28,2,45,'set infusion rate and run','--iraterun','1.2 mL/min','2023-01-18 15:36:17'),(192,28,3,46,'set infusion rate and run','--iraterun','0.4 mL/min','2023-01-18 15:36:18'),(193,28,4,47,'set infusion rate and run','--iraterun','0.4 mL/min','2023-01-18 15:36:19'),(194,28,5,48,'set temp. and run','--setrun','30','2023-01-18 15:36:20'),(195,28,6,43,'waiting','wait','60','2023-01-18 15:37:20'),(196,28,7,44,'change position','--changePos','3','2023-01-18 15:37:20'),(197,28,8,43,'waiting','wait','60','2023-01-18 15:38:20'),(198,28,9,44,'change position','--changePos','5','2023-01-18 15:38:21'),(199,28,10,43,'waiting','wait','60','2023-01-18 15:39:21'),(200,29,1,45,'set infusion rate and run','--iraterun','0.12 mL/min','2023-01-18 15:39:21'),(201,29,2,46,'set infusion rate and run','--iraterun','0.04 mL/min','2023-01-18 15:39:22'),(202,29,3,47,'set infusion rate and run','--iraterun','0.04 mL/min','2023-01-18 15:39:23'),(203,29,4,44,'change position','--changePos','1','2023-01-18 15:39:23'),(204,29,5,48,'set temp. and run','--setrun','30','2023-01-18 15:39:24'),(205,29,6,48,'wait for steady-sate','--judge','743','2023-01-18 15:51:47'),(206,29,7,45,'set infusion rate and run','--iraterun','1.2 mL/min','2023-01-18 15:51:48'),(207,29,8,46,'set infusion rate and run','--iraterun','0.4 mL/min','2023-01-18 15:51:49'),(208,29,9,47,'set infusion rate and run','--iraterun','0.4 mL/min','2023-01-18 15:51:50'),(209,30,1,44,'change position','--changePos','5','2023-01-18 15:51:50'),(210,30,2,43,'waiting','wait','180','2023-01-18 15:54:50'),(211,30,3,43,'alert','alert','sampling','2023-01-18 15:54:50'),(212,30,4,43,'waiting','wait','180','2023-01-18 15:57:50'),(213,30,5,43,'alert','alert','end','2023-01-18 15:57:50'),(214,30,6,43,'waiting','wait','10','2023-01-18 15:58:00'),(215,31,1,44,'change position','--changePos','3','2023-01-18 15:58:00'),(216,31,2,43,'waiting','wait','180','2023-01-18 16:01:00'),(217,31,3,43,'alert','alert','sampling','2023-01-18 16:01:00'),(218,31,4,43,'waiting','wait','180','2023-01-18 16:04:00'),(219,31,5,43,'alert','alert','end','2023-01-18 16:04:01'),(220,31,6,43,'waiting','wait','10','2023-01-18 16:04:11'),(221,32,1,44,'change position','--changePos','1','2023-01-18 16:04:11'),(222,32,2,43,'waiting','wait','180','2023-01-18 16:07:11'),(223,32,3,43,'alert','alert','sampling','2023-01-18 16:07:11'),(224,32,4,43,'waiting','wait','180','2023-01-18 16:10:11'),(225,32,5,43,'alert','alert','end','2023-01-18 16:10:11'),(226,32,6,43,'waiting','wait','10','2023-01-18 16:10:21'),(227,33,1,45,'set infusion rate and run','--iraterun','0.12 mL/min','2023-01-18 16:10:21'),(228,33,2,46,'set infusion rate and run','--iraterun','0.04 mL/min','2023-01-18 16:10:22'),(229,33,3,47,'set infusion rate and run','--iraterun','0.04 mL/min','2023-01-18 16:10:23'),(230,33,4,44,'change position','--changePos','1','2023-01-18 16:10:23'),(231,33,5,48,'set temp. and run','--setrun','50','2023-01-18 16:10:24'),(232,33,6,48,'wait for steady-sate','--judge','1579','2023-01-18 16:36:44'),(233,33,7,45,'set infusion rate and run','--iraterun','1.2 mL/min','2023-01-18 16:36:44'),(234,33,8,46,'set infusion rate and run','--iraterun','0.4 mL/min','2023-01-18 16:36:45'),(235,33,9,47,'set infusion rate and run','--iraterun','0.4 mL/min','2023-01-18 16:36:46'),(236,34,1,44,'change position','--changePos','5','2023-01-18 16:36:46'),(237,34,2,43,'waiting','wait','180','2023-01-18 16:39:46'),(238,34,3,43,'alert','alert','sampling','2023-01-18 16:39:46'),(239,34,4,43,'waiting','wait','180','2023-01-18 16:42:46'),(240,34,5,43,'alert','alert','end','2023-01-18 16:42:46'),(241,34,6,43,'waiting','wait','10','2023-01-18 16:42:56'),(242,35,1,44,'change position','--changePos','3','2023-01-18 16:42:57'),(243,35,2,43,'waiting','wait','180','2023-01-18 16:45:57'),(244,35,3,43,'alert','alert','sampling','2023-01-18 16:45:57'),(245,35,4,43,'waiting','wait','180','2023-01-18 16:48:57'),(246,35,5,43,'alert','alert','end','2023-01-18 16:48:57'),(247,35,6,43,'waiting','wait','10','2023-01-18 16:49:07'),(248,36,1,44,'change position','--changePos','1','2023-01-18 16:49:07'),(249,36,2,43,'waiting','wait','180','2023-01-18 16:52:07'),(250,36,3,43,'alert','alert','sampling','2023-01-18 16:52:07'),(251,36,4,43,'waiting','wait','180','2023-01-18 16:55:07'),(252,36,5,43,'alert','alert','end','2023-01-18 16:55:07'),(253,36,6,43,'waiting','wait','10','2023-01-18 16:55:17'),(254,37,1,45,'set infusion rate and run','--iraterun','0.12 mL/min','2023-01-18 16:55:18'),(255,37,2,46,'set infusion rate and run','--iraterun','0.04 mL/min','2023-01-18 16:55:18'),(256,37,3,47,'set infusion rate and run','--iraterun','0.04 mL/min','2023-01-18 16:55:19'),(257,37,4,44,'change position','--changePos','1','2023-01-18 16:55:19'),(258,37,5,48,'set temp. and run','--setrun','70','2023-01-18 16:55:21'),(259,37,6,48,'wait for steady-sate','--judge','1680','2023-01-18 17:23:22'),(260,37,7,45,'set infusion rate and run','--iraterun','1.2 mL/min','2023-01-18 17:23:23'),(261,37,8,46,'set infusion rate and run','--iraterun','0.4 mL/min','2023-01-18 17:23:23'),(262,37,9,47,'set infusion rate and run','--iraterun','0.4 mL/min','2023-01-18 17:23:24'),(263,38,1,44,'change position','--changePos','5','2023-01-18 17:23:24'),(264,38,2,43,'waiting','wait','180','2023-01-18 17:26:24'),(265,38,3,43,'alert','alert','sampling','2023-01-18 17:26:24'),(266,38,4,43,'waiting','wait','180','2023-01-18 17:29:24'),(267,38,5,43,'alert','alert','end','2023-01-18 17:29:24'),(268,38,6,43,'waiting','wait','10','2023-01-18 17:29:34'),(269,39,1,44,'change position','--changePos','3','2023-01-18 17:29:35'),(270,39,2,43,'waiting','wait','180','2023-01-18 17:32:35'),(271,39,3,43,'alert','alert','sampling','2023-01-18 17:32:35'),(272,39,4,43,'waiting','wait','180','2023-01-18 17:35:35'),(273,39,5,43,'alert','alert','end','2023-01-18 17:35:35'),(274,39,6,43,'waiting','wait','10','2023-01-18 17:35:45'),(275,40,1,44,'change position','--changePos','1','2023-01-18 17:35:45'),(276,40,2,43,'waiting','wait','180','2023-01-18 17:38:45'),(277,40,3,43,'alert','alert','sampling','2023-01-18 17:38:45'),(278,40,4,43,'waiting','wait','180','2023-01-18 17:41:45'),(279,40,5,43,'alert','alert','end','2023-01-18 17:41:45'),(280,40,6,43,'waiting','wait','10','2023-01-18 17:41:55'),(281,41,1,45,'off','--off',NULL,'2023-01-18 17:41:56'),(282,41,2,46,'off','--off',NULL,'2023-01-18 17:41:56'),(283,41,3,47,'off','--off',NULL,'2023-01-18 17:41:57'),(284,41,4,48,'off','--off',NULL,'2023-01-18 17:41:58'),(285,42,1,50,'change position','--changePos','1','2023-01-19 13:33:46'),(286,42,2,51,'set infusion rate and run','--iraterun','1.2 mL/min','2023-01-19 13:33:47'),(287,42,3,52,'set infusion rate and run','--iraterun','0.4 mL/min','2023-01-19 13:33:47'),(288,42,4,53,'set infusion rate and run','--iraterun','0.4 mL/min','2023-01-19 13:33:48'),(289,42,5,54,'set temp. and run','--setrun','30','2023-01-19 13:33:49'),(290,42,6,49,'waiting','wait','60','2023-01-19 13:34:49'),(291,42,7,50,'change position','--changePos','3','2023-01-19 13:34:49'),(292,42,8,49,'waiting','wait','60','2023-01-19 13:35:49'),(293,42,9,50,'change position','--changePos','5','2023-01-19 13:35:50'),(294,42,10,49,'waiting','wait','60','2023-01-19 13:36:50'),(295,43,1,51,'set infusion rate and run','--iraterun','0.12 mL/min','2023-01-19 13:36:51'),(296,43,2,52,'set infusion rate and run','--iraterun','0.04 mL/min','2023-01-19 13:36:51'),(297,43,3,53,'set infusion rate and run','--iraterun','0.04 mL/min','2023-01-19 13:36:52'),(298,43,4,50,'change position','--changePos','1','2023-01-19 13:36:52'),(299,43,5,54,'set temp. and run','--setrun','30','2023-01-19 13:36:53'),(300,43,6,54,'wait for steady-sate','--judge','674','2023-01-19 13:48:08'),(301,43,7,51,'set infusion rate and run','--iraterun','1.2 mL/min','2023-01-19 13:48:09'),(302,43,8,52,'set infusion rate and run','--iraterun','0.4 mL/min','2023-01-19 13:48:10'),(303,43,9,53,'set infusion rate and run','--iraterun','0.4 mL/min','2023-01-19 13:48:10'),(304,44,1,50,'change position','--changePos','5','2023-01-19 13:48:11'),(305,44,2,49,'waiting','wait','180','2023-01-19 13:51:11'),(306,44,3,49,'alert','alert','sampling','2023-01-19 13:51:11'),(307,44,4,49,'waiting','wait','180','2023-01-19 13:54:11'),(308,44,5,49,'alert','alert','end','2023-01-19 13:54:11'),(309,44,6,49,'waiting','wait','10','2023-01-19 13:54:21'),(310,45,1,50,'change position','--changePos','3','2023-01-19 13:54:21'),(311,45,2,49,'waiting','wait','180','2023-01-19 13:57:21'),(312,45,3,49,'alert','alert','sampling','2023-01-19 13:57:21'),(313,45,4,49,'waiting','wait','180','2023-01-19 14:00:21'),(314,45,5,49,'alert','alert','end','2023-01-19 14:00:21'),(315,45,6,49,'waiting','wait','10','2023-01-19 14:00:31'),(316,46,1,50,'change position','--changePos','1','2023-01-19 14:00:32'),(317,46,2,49,'waiting','wait','180','2023-01-19 14:03:32'),(318,46,3,49,'alert','alert','sampling','2023-01-19 14:03:32'),(319,46,4,49,'waiting','wait','180','2023-01-19 14:06:32'),(320,46,5,49,'alert','alert','end','2023-01-19 14:06:32'),(321,46,6,49,'waiting','wait','10','2023-01-19 14:06:42'),(322,47,1,51,'set infusion rate and run','--iraterun','0.12 mL/min','2023-01-19 14:06:42'),(323,47,2,52,'set infusion rate and run','--iraterun','0.04 mL/min','2023-01-19 14:06:43'),(324,47,3,53,'set infusion rate and run','--iraterun','0.04 mL/min','2023-01-19 14:06:44'),(325,47,4,50,'change position','--changePos','1','2023-01-19 14:06:44'),(326,47,5,54,'set temp. and run','--setrun','50','2023-01-19 14:06:45'),(327,47,6,54,'wait for steady-sate','--judge','1595','2023-01-19 14:33:21'),(328,47,7,51,'set infusion rate and run','--iraterun','1.2 mL/min','2023-01-19 14:33:21'),(329,47,8,52,'set infusion rate and run','--iraterun','0.4 mL/min','2023-01-19 14:33:22'),(330,47,9,53,'set infusion rate and run','--iraterun','0.4 mL/min','2023-01-19 14:33:22'),(331,48,1,50,'change position','--changePos','5','2023-01-19 14:33:23'),(332,48,2,49,'waiting','wait','180','2023-01-19 14:36:23'),(333,48,3,49,'alert','alert','sampling','2023-01-19 14:36:23'),(334,48,4,49,'waiting','wait','180','2023-01-19 14:39:23'),(335,48,5,49,'alert','alert','end','2023-01-19 14:39:23'),(336,48,6,49,'waiting','wait','10','2023-01-19 14:39:33'),(337,49,1,50,'change position','--changePos','3','2023-01-19 14:39:33'),(338,49,2,49,'waiting','wait','180','2023-01-19 14:42:33'),(339,49,3,49,'alert','alert','sampling','2023-01-19 14:42:33'),(340,49,4,49,'waiting','wait','180','2023-01-19 14:45:33'),(341,49,5,49,'alert','alert','end','2023-01-19 14:45:33'),(342,49,6,49,'waiting','wait','10','2023-01-19 14:45:43'),(343,50,1,50,'change position','--changePos','1','2023-01-19 14:45:44'),(344,50,2,49,'waiting','wait','180','2023-01-19 14:48:44'),(345,50,3,49,'alert','alert','sampling','2023-01-19 14:48:44'),(346,50,4,49,'waiting','wait','180','2023-01-19 14:51:44'),(347,50,5,49,'alert','alert','end','2023-01-19 14:51:44'),(348,50,6,49,'waiting','wait','10','2023-01-19 14:51:54'),(349,51,1,51,'set infusion rate and run','--iraterun','0.12 mL/min','2023-01-19 14:51:54'),(350,51,2,52,'set infusion rate and run','--iraterun','0.04 mL/min','2023-01-19 14:51:55'),(351,51,3,53,'set infusion rate and run','--iraterun','0.04 mL/min','2023-01-19 14:51:56'),(352,51,4,50,'change position','--changePos','1','2023-01-19 14:51:56'),(353,51,5,54,'set temp. and run','--setrun','70','2023-01-19 14:51:57'),(354,51,6,54,'wait for steady-sate','--judge','1707','2023-01-19 15:20:24'),(355,51,7,51,'set infusion rate and run','--iraterun','1.2 mL/min','2023-01-19 15:20:25'),(356,51,8,52,'set infusion rate and run','--iraterun','0.4 mL/min','2023-01-19 15:20:25'),(357,51,9,53,'set infusion rate and run','--iraterun','0.4 mL/min','2023-01-19 15:20:26'),(358,52,1,50,'change position','--changePos','5','2023-01-19 15:20:27'),(359,52,2,49,'waiting','wait','180','2023-01-19 15:23:27'),(360,52,3,49,'alert','alert','sampling','2023-01-19 15:23:27'),(361,52,4,49,'waiting','wait','180','2023-01-19 15:26:27'),(362,52,5,49,'alert','alert','end','2023-01-19 15:26:27'),(363,52,6,49,'waiting','wait','10','2023-01-19 15:26:37'),(364,53,1,50,'change position','--changePos','3','2023-01-19 15:26:37'),(365,53,2,49,'waiting','wait','180','2023-01-19 15:29:37'),(366,53,3,49,'alert','alert','sampling','2023-01-19 15:29:37'),(367,53,4,49,'waiting','wait','180','2023-01-19 15:32:37'),(368,53,5,49,'alert','alert','end','2023-01-19 15:32:37'),(369,53,6,49,'waiting','wait','10','2023-01-19 15:32:47'),(370,54,1,50,'change position','--changePos','1','2023-01-19 15:32:48'),(371,54,2,49,'waiting','wait','180','2023-01-19 15:35:48'),(372,54,3,49,'alert','alert','sampling','2023-01-19 15:35:48'),(373,54,4,49,'waiting','wait','180','2023-01-19 15:38:48'),(374,54,5,49,'alert','alert','end','2023-01-19 15:38:48'),(375,54,6,49,'waiting','wait','10','2023-01-19 15:38:58'),(376,55,1,51,'off','--off',NULL,'2023-01-19 15:38:58'),(377,55,2,52,'off','--off',NULL,'2023-01-19 15:38:59'),(378,55,3,53,'off','--off',NULL,'2023-01-19 15:38:59'),(379,55,4,54,'off','--off',NULL,'2023-01-19 15:39:01'),(380,56,1,55,'waiting','wait','10','2023-04-13 11:15:52'),(381,57,1,56,'waiting','wait','10','2023-04-13 15:32:45'),(382,58,1,57,'waiting','wait','10','2023-04-13 15:37:12'),(383,60,1,59,'waiting','wait','10','2023-04-13 15:50:44'),(384,61,1,60,'waiting','wait','10','2023-04-13 15:52:24'),(385,62,1,61,'waiting','wait','10','2023-04-13 15:54:05'),(386,62,2,61,'waiting','wait','5','2023-04-13 15:54:10'),(387,63,1,62,'waiting','wait','10','2023-04-13 15:57:49'),(388,63,2,62,'waiting','wait','5','2023-04-13 15:57:54'),(389,64,1,63,'waiting','wait','10','2023-04-13 16:07:35'),(390,64,2,63,'waiting','wait','5','2023-04-13 16:07:40'),(391,65,1,64,'waiting','wait','10','2023-04-13 16:11:40'),(392,65,2,64,'waiting','wait','5','2023-04-13 16:11:45'),(393,66,1,65,'waiting','wait','10','2023-04-13 16:13:00'),(394,66,2,65,'waiting','wait','5','2023-04-13 16:13:05'),(395,67,1,66,'waiting','wait','10','2023-04-13 16:14:57'),(396,67,2,66,'waiting','wait','5','2023-04-13 16:15:02'),(397,69,1,68,'waiting','wait','10','2023-04-13 16:24:54'),(398,69,2,68,'waiting','wait','5','2023-04-13 16:24:59'),(399,70,1,69,'waiting','wait','10','2023-04-13 16:26:03'),(400,70,2,69,'waiting','wait','5','2023-04-13 16:26:08'),(401,72,1,71,'waiting','wait','10','2023-04-13 16:30:07'),(402,72,2,71,'waiting','wait','5','2023-04-13 16:30:12'),(403,73,1,72,'waiting','wait','10','2023-04-13 16:33:24'),(404,73,2,72,'waiting','wait','5','2023-04-13 16:33:29'),(405,75,1,74,'waiting','wait','10','2023-04-13 16:35:04'),(406,75,2,74,'waiting','wait','5','2023-04-13 16:35:09'),(407,76,1,75,'waiting','wait','10','2023-04-13 16:36:24'),(408,76,2,75,'waiting','wait','5','2023-04-13 16:36:29'),(409,78,1,77,'waiting','wait','10','2023-04-13 16:46:44'),(410,78,2,77,'waiting','wait','5','2023-04-13 16:46:49'),(411,79,1,78,'waiting','wait','10','2023-04-24 13:49:34'),(412,79,2,78,'waiting','wait','5','2023-04-24 13:49:39'),(413,80,1,79,'waiting','wait','10','2023-04-27 13:32:56'),(414,80,2,79,'waiting','wait','5','2023-04-27 13:33:01');
/*!40000 ALTER TABLE `result_procedure_blocks` ENABLE KEYS */;
UNLOCK TABLES;

--
-- Table structure for table `result_procedures`
--

DROP TABLE IF EXISTS `result_procedures`;
/*!40101 SET @saved_cs_client     = @@character_set_client */;
/*!50503 SET character_set_client = utf8mb4 */;
CREATE TABLE `result_procedures` (
  `id` int NOT NULL AUTO_INCREMENT,
  `run_id` int NOT NULL,
  `result_procedure_order` int NOT NULL,
  `result_procedure_title` varchar(200) NOT NULL,
  `created_at` datetime DEFAULT NULL,
  PRIMARY KEY (`id`)
) ENGINE=InnoDB AUTO_INCREMENT=81 DEFAULT CHARSET=utf8mb4 COLLATE=utf8mb4_0900_ai_ci;
/*!40101 SET character_set_client = @saved_cs_client */;

--
-- Dumping data for table `result_procedures`
--

LOCK TABLES `result_procedures` WRITE;
/*!40000 ALTER TABLE `result_procedures` DISABLE KEYS */;
INSERT INTO `result_procedures` VALUES (1,1,1,'a','2023-01-16 16:35:01'),(2,2,1,'first (1)','2023-01-16 18:07:30'),(3,2,2,'first (2)','2023-01-16 18:07:30'),(4,2,3,'first (3)','2023-01-16 18:07:30'),(5,3,1,'first (1)','2023-01-16 18:19:58'),(6,3,2,'first (2)','2023-01-16 18:19:58'),(7,3,3,'first (3)','2023-01-16 18:19:58'),(8,4,1,'a','2023-01-17 11:07:23'),(9,5,1,'a','2023-01-17 11:13:22'),(10,6,1,'a','2023-01-17 11:14:11'),(11,7,1,'a','2023-01-17 11:22:31'),(12,8,1,'a','2023-01-17 14:35:42'),(13,9,1,'a','2023-01-17 14:36:09'),(14,10,1,'setup','2023-01-17 16:31:50'),(15,10,2,'increase temp. (1)','2023-01-17 16:31:50'),(16,10,3,'measure (1)','2023-01-17 16:31:50'),(17,10,4,'measure (2)','2023-01-17 16:31:50'),(18,10,5,'measure (3)','2023-01-17 16:31:50'),(19,10,6,'increase temp. (2)','2023-01-17 16:31:50'),(20,10,7,'measure (1)','2023-01-17 16:31:50'),(21,10,8,'measure (2)','2023-01-17 16:31:50'),(22,10,9,'measure (3)','2023-01-17 16:31:50'),(23,10,10,'increase temp. (3)','2023-01-17 16:31:50'),(24,10,11,'measure (1)','2023-01-17 16:31:50'),(25,10,12,'measure (2)','2023-01-17 16:31:50'),(26,10,13,'measure (3)','2023-01-17 16:31:50'),(27,10,14,'shutdown','2023-01-17 16:31:50'),(28,11,1,'setup','2023-01-18 15:36:16'),(29,11,2,'increase temp. (1)','2023-01-18 15:36:16'),(30,11,3,'measure (1)','2023-01-18 15:36:16'),(31,11,4,'measure (2)','2023-01-18 15:36:16'),(32,11,5,'measure (3)','2023-01-18 15:36:16'),(33,11,6,'increase temp. (2)','2023-01-18 15:36:16'),(34,11,7,'measure (1)','2023-01-18 15:36:16'),(35,11,8,'measure (2)','2023-01-18 15:36:16'),(36,11,9,'measure (3)','2023-01-18 15:36:16'),(37,11,10,'increase temp. (3)','2023-01-18 15:36:16'),(38,11,11,'measure (1)','2023-01-18 15:36:16'),(39,11,12,'measure (2)','2023-01-18 15:36:16'),(40,11,13,'measure (3)','2023-01-18 15:36:16'),(41,11,14,'shutdown','2023-01-18 15:36:16'),(42,12,1,'setup','2023-01-19 13:33:46'),(43,12,2,'increase temp. (1)','2023-01-19 13:33:46'),(44,12,3,'measure (1)','2023-01-19 13:33:46'),(45,12,4,'measure (2)','2023-01-19 13:33:46'),(46,12,5,'measure (3)','2023-01-19 13:33:46'),(47,12,6,'increase temp. (2)','2023-01-19 13:33:46'),(48,12,7,'measure (1)','2023-01-19 13:33:46'),(49,12,8,'measure (2)','2023-01-19 13:33:46'),(50,12,9,'measure (3)','2023-01-19 13:33:46'),(51,12,10,'increase temp. (3)','2023-01-19 13:33:46'),(52,12,11,'measure (1)','2023-01-19 13:33:46'),(53,12,12,'measure (2)','2023-01-19 13:33:46'),(54,12,13,'measure (3)','2023-01-19 13:33:46'),(55,12,14,'shutdown','2023-01-19 13:33:46'),(56,13,1,'test','2023-04-13 11:15:42'),(57,14,1,'test','2023-04-13 15:32:35'),(58,15,1,'test','2023-04-13 15:37:02'),(59,16,1,'test','2023-04-13 15:46:44'),(60,17,1,'test','2023-04-13 15:50:34'),(61,18,1,'test','2023-04-13 15:52:14'),(62,19,1,'test','2023-04-13 15:53:55'),(63,20,1,'test','2023-04-13 15:57:39'),(64,21,1,'test','2023-04-13 16:07:25'),(65,22,1,'test','2023-04-13 16:11:30'),(66,23,1,'test','2023-04-13 16:12:50'),(67,24,1,'test','2023-04-13 16:14:47'),(68,25,1,'test','2023-04-13 16:16:07'),(69,26,1,'test','2023-04-13 16:24:44'),(70,27,1,'test','2023-04-13 16:25:53'),(71,28,1,'test','2023-04-13 16:29:11'),(72,29,1,'test','2023-04-13 16:29:57'),(73,30,1,'test','2023-04-13 16:33:14'),(74,31,1,'test','2023-04-13 16:34:25'),(75,32,1,'test','2023-04-13 16:34:54'),(76,33,1,'test','2023-04-13 16:36:14'),(77,34,1,'test','2023-04-13 16:46:22'),(78,35,1,'test','2023-04-13 16:46:34'),(79,36,1,'test','2023-04-24 13:49:24'),(80,37,1,'test','2023-04-27 13:32:46');
/*!40000 ALTER TABLE `result_procedures` ENABLE KEYS */;
UNLOCK TABLES;

--
-- Table structure for table `result_time_logs`
--

DROP TABLE IF EXISTS `result_time_logs`;
/*!40101 SET @saved_cs_client     = @@character_set_client */;
/*!50503 SET character_set_client = utf8mb4 */;
CREATE TABLE `result_time_logs` (
  `id` int NOT NULL AUTO_INCREMENT,
  `run_id` int NOT NULL,
  `result_device_id` int NOT NULL,
  `value` varchar(50) NOT NULL,
  `created_at` datetime DEFAULT NULL,
  PRIMARY KEY (`id`)
) ENGINE=InnoDB AUTO_INCREMENT=2635 DEFAULT CHARSET=utf8mb4 COLLATE=utf8mb4_0900_ai_ci;
/*!40101 SET character_set_client = @saved_cs_client */;

--
-- Dumping data for table `result_time_logs`
--

LOCK TABLES `result_time_logs` WRITE;
/*!40000 ALTER TABLE `result_time_logs` DISABLE KEYS */;
INSERT INTO `result_time_logs` VALUES (1,2,5,'0','2023-01-16 18:07:34'),(2,2,5,'0','2023-01-16 18:07:37'),(3,2,5,'0','2023-01-16 18:07:40'),(4,2,5,'0','2023-01-16 18:07:43'),(5,2,5,'0','2023-01-16 18:07:45'),(6,2,5,'0','2023-01-16 18:07:47'),(7,2,5,'0','2023-01-16 18:07:50'),(8,2,5,'0','2023-01-16 18:07:52'),(9,2,5,'0','2023-01-16 18:07:54'),(10,2,5,'0','2023-01-16 18:07:56'),(11,2,5,'0','2023-01-16 18:07:58'),(12,2,5,'0','2023-01-16 18:08:00'),(13,2,5,'0','2023-01-16 18:08:03'),(14,2,5,'0','2023-01-16 18:08:04'),(15,2,5,'0','2023-01-16 18:08:07'),(16,2,5,'0','2023-01-16 18:08:09'),(17,2,5,'0','2023-01-16 18:08:11'),(18,2,5,'0','2023-01-16 18:08:13'),(19,2,5,'0','2023-01-16 18:08:16'),(20,2,5,'0','2023-01-16 18:08:18'),(21,2,5,'0','2023-01-16 18:08:20'),(22,2,5,'0','2023-01-16 18:08:22'),(23,2,5,'0','2023-01-16 18:08:24'),(24,2,5,'0','2023-01-16 18:08:26'),(25,2,5,'0','2023-01-16 18:08:28'),(26,2,5,'0','2023-01-16 18:08:30'),(27,2,5,'0','2023-01-16 18:08:32'),(28,2,5,'0','2023-01-16 18:08:34'),(29,2,5,'0','2023-01-16 18:08:37'),(30,2,5,'0','2023-01-16 18:08:39'),(31,2,5,'0','2023-01-16 18:08:41'),(32,2,5,'0','2023-01-16 18:08:43'),(33,3,11,'29.2','2023-01-16 18:20:10'),(34,3,11,'29.2','2023-01-16 18:20:20'),(35,3,11,'29.2','2023-01-16 18:20:31'),(36,3,11,'29.2','2023-01-16 18:20:40'),(37,3,11,'29.3','2023-01-16 18:20:50'),(38,3,11,'29.3','2023-01-16 18:21:01'),(39,3,11,'29.3','2023-01-16 18:21:10'),(40,3,11,'29.3','2023-01-16 18:21:20'),(41,3,11,'29.3','2023-01-16 18:21:31'),(42,3,11,'29.3','2023-01-16 18:21:40'),(43,3,11,'29.3','2023-01-16 18:21:50'),(44,3,11,'29.3','2023-01-16 18:22:01'),(45,3,11,'29.3','2023-01-16 18:22:10'),(46,3,11,'29.3','2023-01-16 18:22:20'),(47,3,11,'29.3','2023-01-16 18:22:31'),(48,3,11,'29.4','2023-01-16 18:22:40'),(49,3,11,'29.4','2023-01-16 18:22:50'),(50,3,11,'29.3','2023-01-16 18:23:01'),(51,3,11,'29.4','2023-01-16 18:23:10'),(52,3,11,'29.4','2023-01-16 18:23:20'),(53,3,11,'29.4','2023-01-16 18:23:31'),(54,3,11,'29.4','2023-01-16 18:23:40'),(55,3,11,'29.4','2023-01-16 18:23:50'),(56,3,11,'29.4','2023-01-16 18:24:01'),(57,3,11,'29.4','2023-01-16 18:24:10'),(58,3,11,'29.4','2023-01-16 18:24:20'),(59,3,11,'29.4','2023-01-16 18:24:31'),(60,3,11,'29.4','2023-01-16 18:24:40'),(61,3,11,'29.4','2023-01-16 18:24:50'),(62,3,11,'29.4','2023-01-16 18:25:01'),(63,3,11,'29.4','2023-01-16 18:25:10'),(64,3,11,'29.5','2023-01-16 18:25:20'),(65,3,11,'29.5','2023-01-16 18:25:31'),(66,3,11,'29.6','2023-01-16 18:25:40'),(67,3,11,'29.6','2023-01-16 18:25:50'),(68,3,11,'29.7','2023-01-16 18:26:01'),(69,3,11,'29.7','2023-01-16 18:26:10'),(70,3,11,'29.7','2023-01-16 18:26:20'),(71,3,11,'29.8','2023-01-16 18:26:30'),(72,3,11,'29.8','2023-01-16 18:26:40'),(73,3,11,'29.9','2023-01-16 18:26:51'),(74,3,11,'29.9','2023-01-16 18:27:00'),(75,3,11,'29.9','2023-01-16 18:27:10'),(76,3,11,'30','2023-01-16 18:27:20'),(77,3,11,'30','2023-01-16 18:27:30'),(78,3,11,'30','2023-01-16 18:27:41'),(79,3,11,'30','2023-01-16 18:27:50'),(80,3,11,'30.1','2023-01-16 18:28:00'),(81,3,11,'30.1','2023-01-16 18:28:11'),(82,3,11,'30.1','2023-01-16 18:28:20'),(83,3,11,'30.1','2023-01-16 18:28:30'),(84,3,11,'30.1','2023-01-16 18:28:41'),(85,3,11,'30.2','2023-01-16 18:28:50'),(86,3,11,'30.2','2023-01-16 18:29:01'),(87,3,11,'30.2','2023-01-16 18:29:10'),(88,3,11,'30.2','2023-01-16 18:29:21'),(89,3,11,'30.2','2023-01-16 18:29:30'),(90,3,11,'30.2','2023-01-16 18:29:40'),(91,3,11,'30.2','2023-01-16 18:29:51'),(92,3,11,'30.2','2023-01-16 18:30:00'),(93,3,11,'30.2','2023-01-16 18:30:10'),(94,3,11,'30.2','2023-01-16 18:30:21'),(95,3,11,'30.2','2023-01-16 18:30:30'),(96,3,11,'30.2','2023-01-16 18:30:40'),(97,3,11,'30.2','2023-01-16 18:30:50'),(98,3,11,'30.2','2023-01-16 18:31:00'),(99,3,11,'30.2','2023-01-16 18:31:11'),(100,3,11,'30.3','2023-01-16 18:31:20'),(101,3,11,'30.3','2023-01-16 18:31:30'),(102,3,11,'30.2','2023-01-16 18:31:41'),(103,3,11,'30.3','2023-01-16 18:31:50'),(104,3,11,'30.3','2023-01-16 18:32:00'),(105,3,11,'30.3','2023-01-16 18:32:10'),(106,3,11,'30.3','2023-01-16 18:32:20'),(107,3,11,'30.3','2023-01-16 18:32:30'),(108,3,11,'30.4','2023-01-16 18:32:40'),(109,3,11,'30.6','2023-01-16 18:32:50'),(110,3,11,'30.9','2023-01-16 18:33:00'),(111,3,11,'31.1','2023-01-16 18:33:11'),(112,3,11,'31.3','2023-01-16 18:33:20'),(113,3,11,'31.6','2023-01-16 18:33:30'),(114,3,11,'31.9','2023-01-16 18:33:41'),(115,3,11,'32.1','2023-01-16 18:33:50'),(116,3,11,'32.3','2023-01-16 18:34:00'),(117,3,11,'32.6','2023-01-16 18:34:11'),(118,3,11,'32.8','2023-01-16 18:34:20'),(119,3,11,'33.1','2023-01-16 18:34:30'),(120,3,11,'33.3','2023-01-16 18:34:40'),(121,3,11,'33.5','2023-01-16 18:34:50'),(122,3,11,'33.8','2023-01-16 18:35:00'),(123,3,11,'34','2023-01-16 18:35:10'),(124,3,11,'34.3','2023-01-16 18:35:21'),(125,3,11,'34.5','2023-01-16 18:35:30'),(126,3,11,'34.8','2023-01-16 18:35:40'),(127,3,11,'35','2023-01-16 18:35:51'),(128,3,11,'35.3','2023-01-16 18:36:00'),(129,3,11,'35.5','2023-01-16 18:36:10'),(130,3,11,'35.8','2023-01-16 18:36:21'),(131,3,11,'36','2023-01-16 18:36:30'),(132,3,11,'36.2','2023-01-16 18:36:40'),(133,3,11,'36.5','2023-01-16 18:36:51'),(134,3,11,'36.7','2023-01-16 18:37:00'),(135,3,11,'36.9','2023-01-16 18:37:10'),(136,3,11,'37.2','2023-01-16 18:37:20'),(137,3,11,'37.4','2023-01-16 18:37:30'),(138,3,11,'37.7','2023-01-16 18:37:41'),(139,3,11,'37.9','2023-01-16 18:37:50'),(140,3,11,'38.2','2023-01-16 18:38:01'),(141,3,11,'38.4','2023-01-16 18:38:10'),(142,3,11,'38.6','2023-01-16 18:38:20'),(143,3,11,'38.8','2023-01-16 18:38:30'),(144,3,11,'39.1','2023-01-16 18:38:40'),(145,3,11,'39.3','2023-01-16 18:38:50'),(146,3,11,'39.6','2023-01-16 18:39:00'),(147,3,11,'39.8','2023-01-16 18:39:11'),(148,3,11,'40','2023-01-16 18:39:20'),(149,3,11,'40.3','2023-01-16 18:39:30'),(150,3,11,'40.5','2023-01-16 18:39:40'),(151,3,11,'40.8','2023-01-16 18:39:50'),(152,3,11,'41','2023-01-16 18:40:01'),(153,3,11,'41.2','2023-01-16 18:40:10'),(154,3,11,'41.5','2023-01-16 18:40:20'),(155,3,11,'41.7','2023-01-16 18:40:30'),(156,3,11,'41.9','2023-01-16 18:40:40'),(157,3,11,'42.2','2023-01-16 18:40:50'),(158,3,11,'42.4','2023-01-16 18:41:00'),(159,3,11,'42.6','2023-01-16 18:41:11'),(160,3,11,'42.8','2023-01-16 18:41:20'),(161,3,11,'43.1','2023-01-16 18:41:30'),(162,3,11,'43.4','2023-01-16 18:41:41'),(163,3,11,'43.6','2023-01-16 18:41:50'),(164,3,11,'43.8','2023-01-16 18:42:00'),(165,3,11,'44','2023-01-16 18:42:10'),(166,3,11,'44.3','2023-01-16 18:42:20'),(167,3,11,'44.5','2023-01-16 18:42:30'),(168,3,11,'44.7','2023-01-16 18:42:40'),(169,3,11,'45','2023-01-16 18:42:51'),(170,3,11,'45.2','2023-01-16 18:43:00'),(171,3,11,'45.4','2023-01-16 18:43:10'),(172,3,11,'45.7','2023-01-16 18:43:21'),(173,3,11,'45.9','2023-01-16 18:43:30'),(174,3,11,'46.1','2023-01-16 18:43:40'),(175,3,11,'46.3','2023-01-16 18:43:50'),(176,3,11,'46.6','2023-01-16 18:44:00'),(177,3,11,'46.7','2023-01-16 18:44:10'),(178,3,11,'47','2023-01-16 18:44:20'),(179,3,11,'47.2','2023-01-16 18:44:31'),(180,3,11,'47.4','2023-01-16 18:44:40'),(181,3,11,'47.5','2023-01-16 18:44:50'),(182,3,11,'47.7','2023-01-16 18:45:01'),(183,3,11,'47.9','2023-01-16 18:45:10'),(184,3,11,'48.1','2023-01-16 18:45:20'),(185,3,11,'48.3','2023-01-16 18:45:30'),(186,3,11,'48.4','2023-01-16 18:45:40'),(187,3,11,'48.6','2023-01-16 18:45:50'),(188,3,11,'48.7','2023-01-16 18:46:00'),(189,3,11,'48.9','2023-01-16 18:46:11'),(190,3,11,'49','2023-01-16 18:46:20'),(191,3,11,'49.1','2023-01-16 18:46:30'),(192,3,11,'49.2','2023-01-16 18:46:41'),(193,3,11,'49.4','2023-01-16 18:46:50'),(194,3,11,'49.5','2023-01-16 18:47:00'),(195,3,11,'49.5','2023-01-16 18:47:10'),(196,3,11,'49.6','2023-01-16 18:47:20'),(197,3,11,'49.7','2023-01-16 18:47:31'),(198,3,11,'49.8','2023-01-16 18:47:40'),(199,3,11,'49.8','2023-01-16 18:47:50'),(200,3,11,'49.8','2023-01-16 18:48:01'),(201,3,11,'49.9','2023-01-16 18:48:10'),(202,3,11,'49.9','2023-01-16 18:48:20'),(203,3,11,'49.9','2023-01-16 18:48:31'),(204,3,11,'50','2023-01-16 18:48:40'),(205,3,11,'49.9','2023-01-16 18:48:50'),(206,3,11,'50','2023-01-16 18:49:01'),(207,3,11,'50','2023-01-16 18:49:10'),(208,3,11,'50','2023-01-16 18:49:20'),(209,3,11,'50','2023-01-16 18:49:31'),(210,3,11,'50','2023-01-16 18:49:40'),(211,3,11,'49.9','2023-01-16 18:49:50'),(212,3,11,'49.9','2023-01-16 18:50:01'),(213,3,11,'49.9','2023-01-16 18:50:10'),(214,3,11,'49.9','2023-01-16 18:50:20'),(215,3,11,'49.9','2023-01-16 18:50:30'),(216,3,11,'49.9','2023-01-16 18:50:40'),(217,3,11,'49.9','2023-01-16 18:50:50'),(218,3,11,'49.9','2023-01-16 18:51:00'),(219,3,11,'49.9','2023-01-16 18:51:10'),(220,3,11,'49.9','2023-01-16 18:51:20'),(221,3,11,'49.9','2023-01-16 18:51:31'),(222,3,11,'49.9','2023-01-16 18:51:41'),(223,3,11,'49.9','2023-01-16 18:51:50'),(224,3,11,'50','2023-01-16 18:52:00'),(225,3,11,'50','2023-01-16 18:52:11'),(226,3,11,'50.1','2023-01-16 18:52:20'),(227,3,11,'50.1','2023-01-16 18:52:30'),(228,3,11,'50.1','2023-01-16 18:52:40'),(229,3,11,'50.2','2023-01-16 18:52:50'),(230,3,11,'50.2','2023-01-16 18:53:00'),(231,3,11,'50.2','2023-01-16 18:53:10'),(232,3,11,'50.2','2023-01-16 18:53:21'),(233,3,11,'50.2','2023-01-16 18:53:30'),(234,3,11,'50.2','2023-01-16 18:53:40'),(235,3,11,'50.2','2023-01-16 18:53:51'),(236,3,11,'50.2','2023-01-16 18:54:00'),(237,3,11,'50.2','2023-01-16 18:54:10'),(238,3,11,'50.2','2023-01-16 18:54:21'),(239,3,11,'50.3','2023-01-16 18:54:30'),(240,3,11,'50.3','2023-01-16 18:54:40'),(241,3,11,'50.2','2023-01-16 18:54:50'),(242,3,11,'50.2','2023-01-16 18:55:00'),(243,3,11,'50.2','2023-01-16 18:55:11'),(244,3,11,'50.2','2023-01-16 18:55:20'),(245,3,11,'50.2','2023-01-16 18:55:31'),(246,3,11,'50.2','2023-01-16 18:55:40'),(247,3,11,'50.2','2023-01-16 18:55:50'),(248,3,11,'50.2','2023-01-16 18:56:00'),(249,3,11,'50.2','2023-01-16 18:56:10'),(250,3,11,'50.2','2023-01-16 18:56:21'),(251,3,11,'50.2','2023-01-16 18:56:30'),(252,3,11,'50.2','2023-01-16 18:56:40'),(253,3,11,'50.2','2023-01-16 18:56:50'),(254,3,11,'50.2','2023-01-16 18:57:00'),(255,3,11,'50.2','2023-01-16 18:57:10'),(256,3,11,'50.1','2023-01-16 18:57:20'),(257,3,11,'50.1','2023-01-16 18:57:30'),(258,3,11,'50.1','2023-01-16 18:57:40'),(259,3,11,'50.1','2023-01-16 18:57:50'),(260,3,11,'50.1','2023-01-16 18:58:00'),(261,3,11,'50.1','2023-01-16 18:58:10'),(262,3,11,'50.1','2023-01-16 18:58:21'),(263,3,11,'50.2','2023-01-16 18:58:30'),(264,3,11,'50.3','2023-01-16 18:58:41'),(265,3,11,'50.6','2023-01-16 18:58:50'),(266,3,11,'50.8','2023-01-16 18:59:00'),(267,3,11,'51','2023-01-16 18:59:11'),(268,3,11,'51.3','2023-01-16 18:59:20'),(269,3,11,'51.5','2023-01-16 18:59:30'),(270,3,11,'51.8','2023-01-16 18:59:41'),(271,3,11,'52','2023-01-16 18:59:50'),(272,3,11,'52.3','2023-01-16 19:00:00'),(273,3,11,'52.5','2023-01-16 19:00:11'),(274,3,11,'52.7','2023-01-16 19:00:20'),(275,3,11,'52.9','2023-01-16 19:00:30'),(276,3,11,'53.2','2023-01-16 19:00:40'),(277,3,11,'53.4','2023-01-16 19:00:50'),(278,3,11,'53.6','2023-01-16 19:01:00'),(279,3,11,'53.8','2023-01-16 19:01:10'),(280,3,11,'54.1','2023-01-16 19:01:20'),(281,3,11,'54.3','2023-01-16 19:01:30'),(282,3,11,'54.6','2023-01-16 19:01:40'),(283,3,11,'54.8','2023-01-16 19:01:50'),(284,3,11,'55','2023-01-16 19:02:01'),(285,3,11,'55.2','2023-01-16 19:02:10'),(286,3,11,'55.4','2023-01-16 19:02:20'),(287,3,11,'55.7','2023-01-16 19:02:31'),(288,3,11,'55.9','2023-01-16 19:02:40'),(289,3,11,'56.2','2023-01-16 19:02:50'),(290,3,11,'56.4','2023-01-16 19:03:00'),(291,3,11,'56.6','2023-01-16 19:03:10'),(292,3,11,'56.9','2023-01-16 19:03:21'),(293,3,11,'57','2023-01-16 19:03:30'),(294,3,11,'57.3','2023-01-16 19:03:41'),(295,3,11,'57.5','2023-01-16 19:03:50'),(296,3,11,'57.7','2023-01-16 19:04:00'),(297,3,11,'58','2023-01-16 19:04:11'),(298,3,11,'58.2','2023-01-16 19:04:20'),(299,3,11,'58.4','2023-01-16 19:04:30'),(300,3,11,'58.6','2023-01-16 19:04:41'),(301,3,11,'58.8','2023-01-16 19:04:50'),(302,3,11,'59.1','2023-01-16 19:05:00'),(303,3,11,'59.3','2023-01-16 19:05:11'),(304,3,11,'59.5','2023-01-16 19:05:20'),(305,3,11,'59.8','2023-01-16 19:05:31'),(306,3,11,'60','2023-01-16 19:05:40'),(307,3,11,'60.2','2023-01-16 19:05:50'),(308,3,11,'60.4','2023-01-16 19:06:00'),(309,3,11,'60.6','2023-01-16 19:06:11'),(310,3,11,'60.8','2023-01-16 19:06:20'),(311,3,11,'61.1','2023-01-16 19:06:31'),(312,3,11,'61.3','2023-01-16 19:06:41'),(313,3,11,'61.6','2023-01-16 19:06:50'),(314,3,11,'61.8','2023-01-16 19:07:00'),(315,3,11,'62','2023-01-16 19:07:10'),(316,3,11,'62.2','2023-01-16 19:07:21'),(317,3,11,'62.4','2023-01-16 19:07:31'),(318,3,11,'62.7','2023-01-16 19:07:41'),(319,3,11,'62.9','2023-01-16 19:07:51'),(320,3,11,'63.1','2023-01-16 19:08:00'),(321,3,11,'63.3','2023-01-16 19:08:11'),(322,3,11,'63.5','2023-01-16 19:08:21'),(323,3,11,'63.8','2023-01-16 19:08:30'),(324,3,11,'64','2023-01-16 19:08:41'),(325,3,11,'64.2','2023-01-16 19:08:51'),(326,3,11,'64.4','2023-01-16 19:09:00'),(327,3,11,'64.6','2023-01-16 19:09:10'),(328,3,11,'64.9','2023-01-16 19:09:21'),(329,3,11,'65.1','2023-01-16 19:09:30'),(330,3,11,'65.3','2023-01-16 19:09:41'),(331,3,11,'65.5','2023-01-16 19:09:51'),(332,3,11,'65.7','2023-01-16 19:10:00'),(333,3,11,'65.9','2023-01-16 19:10:11'),(334,3,11,'66.2','2023-01-16 19:10:21'),(335,3,11,'66.4','2023-01-16 19:10:31'),(336,3,11,'66.6','2023-01-16 19:10:41'),(337,3,11,'66.7','2023-01-16 19:10:51'),(338,3,11,'66.9','2023-01-16 19:11:01'),(339,3,11,'67.1','2023-01-16 19:11:11'),(340,3,11,'67.3','2023-01-16 19:11:21'),(341,3,11,'67.5','2023-01-16 19:11:31'),(342,3,11,'67.7','2023-01-16 19:11:41'),(343,3,11,'67.9','2023-01-16 19:11:51'),(344,3,11,'68','2023-01-16 19:12:01'),(345,3,11,'68.2','2023-01-16 19:12:11'),(346,3,11,'68.4','2023-01-16 19:12:21'),(347,3,11,'68.5','2023-01-16 19:12:31'),(348,3,11,'68.7','2023-01-16 19:12:41'),(349,3,11,'68.8','2023-01-16 19:12:51'),(350,3,11,'69','2023-01-16 19:13:01'),(351,3,11,'69.1','2023-01-16 19:13:11'),(352,3,11,'69.2','2023-01-16 19:13:21'),(353,3,11,'69.3','2023-01-16 19:13:31'),(354,3,11,'69.4','2023-01-16 19:13:41'),(355,3,11,'69.4','2023-01-16 19:13:51'),(356,3,11,'69.5','2023-01-16 19:14:01'),(357,3,11,'69.6','2023-01-16 19:14:11'),(358,3,11,'69.7','2023-01-16 19:14:21'),(359,3,11,'69.8','2023-01-16 19:14:31'),(360,3,11,'69.8','2023-01-16 19:14:41'),(361,3,11,'69.8','2023-01-16 19:14:51'),(362,3,11,'69.9','2023-01-16 19:15:01'),(363,3,11,'69.8','2023-01-16 19:15:10'),(364,3,11,'69.9','2023-01-16 19:15:21'),(365,3,11,'69.9','2023-01-16 19:15:31'),(366,3,11,'69.9','2023-01-16 19:15:40'),(367,3,11,'69.9','2023-01-16 19:15:51'),(368,3,11,'69.8','2023-01-16 19:16:01'),(369,3,11,'69.9','2023-01-16 19:16:11'),(370,3,11,'69.9','2023-01-16 19:16:21'),(371,3,11,'69.9','2023-01-16 19:16:30'),(372,3,11,'69.9','2023-01-16 19:16:41'),(373,3,11,'69.8','2023-01-16 19:16:51'),(374,3,11,'69.8','2023-01-16 19:17:01'),(375,3,11,'69.7','2023-01-16 19:17:11'),(376,3,11,'69.7','2023-01-16 19:17:21'),(377,3,11,'69.7','2023-01-16 19:17:31'),(378,3,11,'69.7','2023-01-16 19:17:41'),(379,3,11,'69.7','2023-01-16 19:17:51'),(380,3,11,'69.7','2023-01-16 19:18:01'),(381,3,11,'69.6','2023-01-16 19:18:11'),(382,3,11,'69.6','2023-01-16 19:18:21'),(383,3,11,'69.6','2023-01-16 19:18:31'),(384,3,11,'69.7','2023-01-16 19:18:41'),(385,3,11,'69.7','2023-01-16 19:18:51'),(386,3,11,'69.7','2023-01-16 19:19:01'),(387,3,11,'69.8','2023-01-16 19:19:11'),(388,3,11,'69.8','2023-01-16 19:19:21'),(389,3,11,'69.8','2023-01-16 19:19:31'),(390,3,11,'69.9','2023-01-16 19:19:41'),(391,3,11,'69.9','2023-01-16 19:19:51'),(392,3,11,'69.9','2023-01-16 19:20:01'),(393,3,11,'70','2023-01-16 19:20:11'),(394,3,11,'70','2023-01-16 19:20:21'),(395,3,11,'70','2023-01-16 19:20:31'),(396,3,11,'70','2023-01-16 19:20:41'),(397,3,11,'70','2023-01-16 19:20:51'),(398,3,11,'70.1','2023-01-16 19:21:01'),(399,3,11,'70.1','2023-01-16 19:21:11'),(400,3,11,'70.1','2023-01-16 19:21:21'),(401,3,11,'70.1','2023-01-16 19:21:31'),(402,3,11,'70.1','2023-01-16 19:21:41'),(403,3,11,'70.1','2023-01-16 19:21:51'),(404,3,11,'70.1','2023-01-16 19:22:01'),(405,3,11,'70.1','2023-01-16 19:22:11'),(406,3,11,'70.1','2023-01-16 19:22:21'),(407,3,11,'70.1','2023-01-16 19:22:32'),(408,3,11,'70.2','2023-01-16 19:22:41'),(409,3,11,'70.2','2023-01-16 19:22:51'),(410,3,11,'70.2','2023-01-16 19:23:01'),(411,3,11,'70.2','2023-01-16 19:23:11'),(412,3,11,'70.2','2023-01-16 19:23:21'),(413,3,11,'70.1','2023-01-16 19:23:31'),(414,3,11,'70.1','2023-01-16 19:23:41'),(415,3,11,'70.1','2023-01-16 19:23:51'),(416,3,11,'70.1','2023-01-16 19:24:01'),(417,3,11,'70.1','2023-01-16 19:24:11'),(418,3,11,'70.1','2023-01-16 19:24:21'),(419,3,11,'70.1','2023-01-16 19:24:31'),(420,3,11,'70.1','2023-01-16 19:24:41'),(421,3,11,'70.1','2023-01-16 19:24:51'),(422,10,42,'23.3','2023-01-17 16:32:02'),(423,10,42,'23.4','2023-01-17 16:32:12'),(424,10,42,'23.6','2023-01-17 16:32:22'),(425,10,42,'23.9','2023-01-17 16:32:32'),(426,10,42,'24.1','2023-01-17 16:32:42'),(427,10,42,'24.3','2023-01-17 16:32:52'),(428,10,42,'24.6','2023-01-17 16:33:02'),(429,10,42,'24.8','2023-01-17 16:33:12'),(430,10,42,'25','2023-01-17 16:33:22'),(431,10,42,'25.3','2023-01-17 16:33:32'),(432,10,42,'25.5','2023-01-17 16:33:42'),(433,10,42,'25.7','2023-01-17 16:33:52'),(434,10,42,'26','2023-01-17 16:34:02'),(435,10,42,'26.2','2023-01-17 16:34:12'),(436,10,42,'26.4','2023-01-17 16:34:22'),(437,10,42,'26.6','2023-01-17 16:34:32'),(438,10,42,'26.8','2023-01-17 16:34:42'),(439,10,42,'27','2023-01-17 16:34:52'),(440,10,42,'27.2','2023-01-17 16:35:02'),(441,10,42,'27.4','2023-01-17 16:35:12'),(442,10,42,'27.6','2023-01-17 16:35:22'),(443,10,42,'27.8','2023-01-17 16:35:32'),(444,10,42,'28','2023-01-17 16:35:42'),(445,10,42,'28.2','2023-01-17 16:35:52'),(446,10,42,'28.3','2023-01-17 16:36:02'),(447,10,42,'28.5','2023-01-17 16:36:12'),(448,10,42,'28.7','2023-01-17 16:36:22'),(449,10,42,'28.8','2023-01-17 16:36:32'),(450,10,42,'29','2023-01-17 16:36:42'),(451,10,42,'29.1','2023-01-17 16:36:52'),(452,10,42,'29.3','2023-01-17 16:37:02'),(453,10,42,'29.4','2023-01-17 16:37:12'),(454,10,42,'29.5','2023-01-17 16:37:22'),(455,10,42,'29.6','2023-01-17 16:37:32'),(456,10,42,'29.7','2023-01-17 16:37:42'),(457,10,42,'29.7','2023-01-17 16:37:52'),(458,10,42,'29.8','2023-01-17 16:38:02'),(459,10,42,'29.9','2023-01-17 16:38:12'),(460,10,42,'29.9','2023-01-17 16:38:22'),(461,10,42,'30','2023-01-17 16:38:32'),(462,10,42,'30','2023-01-17 16:38:42'),(463,10,42,'30','2023-01-17 16:38:52'),(464,10,42,'30.1','2023-01-17 16:39:02'),(465,10,42,'30.1','2023-01-17 16:39:12'),(466,10,42,'30.1','2023-01-17 16:39:22'),(467,10,42,'30.1','2023-01-17 16:39:32'),(468,10,42,'30.1','2023-01-17 16:39:42'),(469,10,42,'30.1','2023-01-17 16:39:52'),(470,10,42,'30.1','2023-01-17 16:40:02'),(471,10,42,'30.1','2023-01-17 16:40:12'),(472,10,42,'30.1','2023-01-17 16:40:22'),(473,10,42,'30.1','2023-01-17 16:40:32'),(474,10,42,'30.1','2023-01-17 16:40:42'),(475,10,42,'30.1','2023-01-17 16:40:52'),(476,10,42,'30.1','2023-01-17 16:41:02'),(477,10,42,'30.1','2023-01-17 16:41:12'),(478,10,42,'30.1','2023-01-17 16:41:22'),(479,10,42,'30.1','2023-01-17 16:41:32'),(480,10,42,'30.1','2023-01-17 16:41:42'),(481,10,42,'30.1','2023-01-17 16:41:52'),(482,10,42,'30.1','2023-01-17 16:42:02'),(483,10,42,'30.1','2023-01-17 16:42:12'),(484,10,42,'30.2','2023-01-17 16:42:22'),(485,10,42,'30.2','2023-01-17 16:42:32'),(486,10,42,'30.2','2023-01-17 16:42:42'),(487,10,42,'30.3','2023-01-17 16:42:52'),(488,10,42,'30.3','2023-01-17 16:43:02'),(489,10,42,'30.3','2023-01-17 16:43:12'),(490,10,42,'30.3','2023-01-17 16:43:22'),(491,10,42,'30.3','2023-01-17 16:43:32'),(492,10,42,'30.4','2023-01-17 16:43:42'),(493,10,42,'30.4','2023-01-17 16:43:52'),(494,10,42,'30.3','2023-01-17 16:44:02'),(495,10,42,'30.3','2023-01-17 16:44:12'),(496,10,42,'30.3','2023-01-17 16:44:22'),(497,10,42,'30.3','2023-01-17 16:44:32'),(498,10,42,'30.3','2023-01-17 16:44:42'),(499,10,42,'30.3','2023-01-17 16:44:52'),(500,10,42,'30.3','2023-01-17 16:45:02'),(501,10,42,'30.3','2023-01-17 16:45:12'),(502,10,42,'30.3','2023-01-17 16:45:22'),(503,10,42,'30.3','2023-01-17 16:45:32'),(504,10,42,'30.3','2023-01-17 16:45:42'),(505,10,42,'30.3','2023-01-17 16:45:52'),(506,10,42,'30.3','2023-01-17 16:46:02'),(507,10,42,'30.3','2023-01-17 16:46:12'),(508,10,42,'30.3','2023-01-17 16:46:22'),(509,10,42,'30.3','2023-01-17 16:46:32'),(510,10,42,'30.3','2023-01-17 16:46:42'),(511,10,42,'30.3','2023-01-17 16:46:52'),(512,10,42,'30.3','2023-01-17 16:47:02'),(513,10,42,'30.3','2023-01-17 16:47:12'),(514,10,42,'30.3','2023-01-17 16:47:22'),(515,10,42,'30.3','2023-01-17 16:47:32'),(516,10,42,'30.3','2023-01-17 16:47:42'),(517,10,42,'30.3','2023-01-17 16:47:52'),(518,10,42,'30.3','2023-01-17 16:48:02'),(519,10,42,'30.3','2023-01-17 16:48:12'),(520,10,42,'30.3','2023-01-17 16:48:22'),(521,10,42,'30.3','2023-01-17 16:48:32'),(522,10,42,'30.2','2023-01-17 16:48:42'),(523,10,42,'30.2','2023-01-17 16:48:52'),(524,10,42,'30.3','2023-01-17 16:49:02'),(525,10,42,'30.2','2023-01-17 16:49:12'),(526,10,42,'30.3','2023-01-17 16:49:22'),(527,10,42,'30.3','2023-01-17 16:49:32'),(528,10,42,'30.2','2023-01-17 16:49:42'),(529,10,42,'30.2','2023-01-17 16:49:52'),(530,10,42,'30.2','2023-01-17 16:50:02'),(531,10,42,'30.2','2023-01-17 16:50:12'),(532,10,42,'30.2','2023-01-17 16:50:22'),(533,10,42,'30.2','2023-01-17 16:50:32'),(534,10,42,'30.2','2023-01-17 16:50:42'),(535,10,42,'30.2','2023-01-17 16:50:52'),(536,10,42,'30.2','2023-01-17 16:51:02'),(537,10,42,'30.2','2023-01-17 16:51:12'),(538,10,42,'30.2','2023-01-17 16:51:22'),(539,10,42,'30.2','2023-01-17 16:51:32'),(540,10,42,'30.2','2023-01-17 16:51:42'),(541,10,42,'30.2','2023-01-17 16:51:52'),(542,10,42,'30.2','2023-01-17 16:52:02'),(543,10,42,'30.2','2023-01-17 16:52:12'),(544,10,42,'30.1','2023-01-17 16:52:22'),(545,10,42,'30.1','2023-01-17 16:52:32'),(546,10,42,'30.1','2023-01-17 16:52:42'),(547,10,42,'30.1','2023-01-17 16:52:52'),(548,10,42,'30.1','2023-01-17 16:53:02'),(549,10,42,'30.1','2023-01-17 16:53:12'),(550,10,42,'30.1','2023-01-17 16:53:22'),(551,10,42,'30.1','2023-01-17 16:53:32'),(552,10,42,'30.1','2023-01-17 16:53:42'),(553,10,42,'30.1','2023-01-17 16:53:52'),(554,10,42,'30.1','2023-01-17 16:54:02'),(555,10,42,'30.1','2023-01-17 16:54:12'),(556,10,42,'30.1','2023-01-17 16:54:22'),(557,10,42,'30.1','2023-01-17 16:54:32'),(558,10,42,'30.1','2023-01-17 16:54:42'),(559,10,42,'30.1','2023-01-17 16:54:52'),(560,10,42,'30.1','2023-01-17 16:55:02'),(561,10,42,'30.1','2023-01-17 16:55:12'),(562,10,42,'30.1','2023-01-17 16:55:22'),(563,10,42,'30.1','2023-01-17 16:55:32'),(564,10,42,'30.1','2023-01-17 16:55:42'),(565,10,42,'30.1','2023-01-17 16:55:52'),(566,10,42,'30.1','2023-01-17 16:56:02'),(567,10,42,'30.1','2023-01-17 16:56:12'),(568,10,42,'30.1','2023-01-17 16:56:22'),(569,10,42,'30.1','2023-01-17 16:56:32'),(570,10,42,'30.1','2023-01-17 16:56:42'),(571,10,42,'30.1','2023-01-17 16:56:52'),(572,10,42,'30.1','2023-01-17 16:57:02'),(573,10,42,'30.1','2023-01-17 16:57:12'),(574,10,42,'30.1','2023-01-17 16:57:22'),(575,10,42,'30.1','2023-01-17 16:57:32'),(576,10,42,'30.1','2023-01-17 16:57:42'),(577,10,42,'30.1','2023-01-17 16:57:52'),(578,10,42,'30.1','2023-01-17 16:58:02'),(579,10,42,'30.1','2023-01-17 16:58:12'),(580,10,42,'30.1','2023-01-17 16:58:22'),(581,10,42,'30.1','2023-01-17 16:58:32'),(582,10,42,'30.1','2023-01-17 16:58:42'),(583,10,42,'30.1','2023-01-17 16:58:52'),(584,10,42,'30.1','2023-01-17 16:59:02'),(585,10,42,'30.1','2023-01-17 16:59:12'),(586,10,42,'30.1','2023-01-17 16:59:22'),(587,10,42,'30','2023-01-17 16:59:32'),(588,10,42,'30','2023-01-17 16:59:42'),(589,10,42,'30','2023-01-17 16:59:52'),(590,10,42,'30','2023-01-17 17:00:02'),(591,10,42,'30','2023-01-17 17:00:12'),(592,10,42,'30','2023-01-17 17:00:22'),(593,10,42,'30','2023-01-17 17:00:32'),(594,10,42,'30','2023-01-17 17:00:42'),(595,10,42,'30','2023-01-17 17:00:52'),(596,10,42,'30','2023-01-17 17:01:02'),(597,10,42,'30.1','2023-01-17 17:01:12'),(598,10,42,'30.1','2023-01-17 17:01:22'),(599,10,42,'30','2023-01-17 17:01:32'),(600,10,42,'30.1','2023-01-17 17:01:42'),(601,10,42,'30','2023-01-17 17:01:52'),(602,10,42,'30.1','2023-01-17 17:02:02'),(603,10,42,'30.1','2023-01-17 17:02:12'),(604,10,42,'30.1','2023-01-17 17:02:22'),(605,10,42,'30.1','2023-01-17 17:02:32'),(606,10,42,'30.1','2023-01-17 17:02:42'),(607,10,42,'30.1','2023-01-17 17:02:52'),(608,10,42,'30.1','2023-01-17 17:03:02'),(609,10,42,'30.1','2023-01-17 17:03:12'),(610,10,42,'30.1','2023-01-17 17:03:22'),(611,10,42,'30.1','2023-01-17 17:03:32'),(612,10,42,'30.1','2023-01-17 17:03:42'),(613,10,42,'30.1','2023-01-17 17:03:52'),(614,10,42,'30.1','2023-01-17 17:04:02'),(615,10,42,'30.3','2023-01-17 17:04:12'),(616,10,42,'30.5','2023-01-17 17:04:22'),(617,10,42,'30.7','2023-01-17 17:04:33'),(618,10,42,'30.9','2023-01-17 17:04:42'),(619,10,42,'31.2','2023-01-17 17:04:52'),(620,10,42,'31.4','2023-01-17 17:05:02'),(621,10,42,'31.6','2023-01-17 17:05:13'),(622,10,42,'31.9','2023-01-17 17:05:22'),(623,10,42,'32.1','2023-01-17 17:05:32'),(624,10,42,'32.3','2023-01-17 17:05:42'),(625,10,42,'32.6','2023-01-17 17:05:52'),(626,10,42,'32.8','2023-01-17 17:06:02'),(627,10,42,'33','2023-01-17 17:06:12'),(628,10,42,'33.2','2023-01-17 17:06:22'),(629,10,42,'33.5','2023-01-17 17:06:32'),(630,10,42,'33.7','2023-01-17 17:06:42'),(631,10,42,'33.9','2023-01-17 17:06:52'),(632,10,42,'34.1','2023-01-17 17:07:02'),(633,10,42,'34.3','2023-01-17 17:07:12'),(634,10,42,'34.5','2023-01-17 17:07:22'),(635,10,42,'34.8','2023-01-17 17:07:32'),(636,10,42,'35','2023-01-17 17:07:42'),(637,10,42,'35.3','2023-01-17 17:07:53'),(638,10,42,'35.4','2023-01-17 17:08:02'),(639,10,42,'35.6','2023-01-17 17:08:12'),(640,10,42,'35.9','2023-01-17 17:08:22'),(641,10,42,'36.1','2023-01-17 17:08:32'),(642,10,42,'36.3','2023-01-17 17:08:42'),(643,10,42,'36.6','2023-01-17 17:08:53'),(644,10,42,'36.8','2023-01-17 17:09:02'),(645,10,42,'37','2023-01-17 17:09:12'),(646,10,42,'37.2','2023-01-17 17:09:23'),(647,10,42,'37.4','2023-01-17 17:09:33'),(648,10,42,'37.6','2023-01-17 17:09:42'),(649,10,42,'37.9','2023-01-17 17:09:53'),(650,10,42,'38.1','2023-01-17 17:10:02'),(651,10,42,'38.3','2023-01-17 17:10:13'),(652,10,42,'38.5','2023-01-17 17:10:22'),(653,10,42,'38.7','2023-01-17 17:10:33'),(654,10,42,'38.9','2023-01-17 17:10:42'),(655,10,42,'39.2','2023-01-17 17:10:52'),(656,10,42,'39.4','2023-01-17 17:11:02'),(657,10,42,'39.6','2023-01-17 17:11:13'),(658,10,42,'39.8','2023-01-17 17:11:22'),(659,10,42,'40','2023-01-17 17:11:33'),(660,10,42,'40.3','2023-01-17 17:11:42'),(661,10,42,'40.4','2023-01-17 17:11:52'),(662,10,42,'40.7','2023-01-17 17:12:02'),(663,10,42,'40.9','2023-01-17 17:12:12'),(664,10,42,'41.1','2023-01-17 17:12:23'),(665,10,42,'41.3','2023-01-17 17:12:32'),(666,10,42,'41.5','2023-01-17 17:12:42'),(667,10,42,'41.8','2023-01-17 17:12:52'),(668,10,42,'42','2023-01-17 17:13:02'),(669,10,42,'42.2','2023-01-17 17:13:13'),(670,10,42,'42.4','2023-01-17 17:13:23'),(671,10,42,'42.6','2023-01-17 17:13:33'),(672,10,42,'42.8','2023-01-17 17:13:43'),(673,10,42,'43.1','2023-01-17 17:13:53'),(674,10,42,'43.3','2023-01-17 17:14:03'),(675,10,42,'43.5','2023-01-17 17:14:13'),(676,10,42,'43.7','2023-01-17 17:14:23'),(677,10,42,'43.9','2023-01-17 17:14:32'),(678,10,42,'44.1','2023-01-17 17:14:43'),(679,10,42,'44.4','2023-01-17 17:14:53'),(680,10,42,'44.6','2023-01-17 17:15:03'),(681,10,42,'44.7','2023-01-17 17:15:13'),(682,10,42,'45','2023-01-17 17:15:23'),(683,10,42,'45.2','2023-01-17 17:15:33'),(684,10,42,'45.4','2023-01-17 17:15:43'),(685,10,42,'45.6','2023-01-17 17:15:53'),(686,10,42,'45.8','2023-01-17 17:16:03'),(687,10,42,'46','2023-01-17 17:16:13'),(688,10,42,'46.2','2023-01-17 17:16:22'),(689,10,42,'46.5','2023-01-17 17:16:33'),(690,10,42,'46.7','2023-01-17 17:16:43'),(691,10,42,'46.8','2023-01-17 17:16:53'),(692,10,42,'47','2023-01-17 17:17:02'),(693,10,42,'47.2','2023-01-17 17:17:13'),(694,10,42,'47.3','2023-01-17 17:17:23'),(695,10,42,'47.5','2023-01-17 17:17:33'),(696,10,42,'47.7','2023-01-17 17:17:43'),(697,10,42,'47.9','2023-01-17 17:17:53'),(698,10,42,'48','2023-01-17 17:18:03'),(699,10,42,'48.2','2023-01-17 17:18:13'),(700,10,42,'48.4','2023-01-17 17:18:23'),(701,10,42,'48.5','2023-01-17 17:18:33'),(702,10,42,'48.7','2023-01-17 17:18:43'),(703,10,42,'48.8','2023-01-17 17:18:53'),(704,10,42,'48.9','2023-01-17 17:19:03'),(705,10,42,'49.1','2023-01-17 17:19:13'),(706,10,42,'49.2','2023-01-17 17:19:23'),(707,10,42,'49.3','2023-01-17 17:19:33'),(708,10,42,'49.4','2023-01-17 17:19:43'),(709,10,42,'49.5','2023-01-17 17:19:53'),(710,10,42,'49.6','2023-01-17 17:20:03'),(711,10,42,'49.7','2023-01-17 17:20:13'),(712,10,42,'49.8','2023-01-17 17:20:23'),(713,10,42,'49.8','2023-01-17 17:20:33'),(714,10,42,'49.9','2023-01-17 17:20:43'),(715,10,42,'49.9','2023-01-17 17:20:53'),(716,10,42,'50','2023-01-17 17:21:03'),(717,10,42,'50','2023-01-17 17:21:13'),(718,10,42,'50','2023-01-17 17:21:23'),(719,10,42,'50.1','2023-01-17 17:21:33'),(720,10,42,'50','2023-01-17 17:21:43'),(721,10,42,'50.1','2023-01-17 17:21:53'),(722,10,42,'50.1','2023-01-17 17:22:03'),(723,10,42,'50.1','2023-01-17 17:22:13'),(724,10,42,'50','2023-01-17 17:22:23'),(725,10,42,'50','2023-01-17 17:22:33'),(726,10,42,'50','2023-01-17 17:22:43'),(727,10,42,'50','2023-01-17 17:22:53'),(728,10,42,'50','2023-01-17 17:23:03'),(729,10,42,'49.9','2023-01-17 17:23:13'),(730,10,42,'50','2023-01-17 17:23:23'),(731,10,42,'50','2023-01-17 17:23:33'),(732,10,42,'49.9','2023-01-17 17:23:43'),(733,10,42,'49.9','2023-01-17 17:23:53'),(734,10,42,'49.9','2023-01-17 17:24:03'),(735,10,42,'49.9','2023-01-17 17:24:13'),(736,10,42,'49.9','2023-01-17 17:24:23'),(737,10,42,'49.9','2023-01-17 17:24:33'),(738,10,42,'49.9','2023-01-17 17:24:43'),(739,10,42,'49.9','2023-01-17 17:24:53'),(740,10,42,'50','2023-01-17 17:25:03'),(741,10,42,'50','2023-01-17 17:25:13'),(742,10,42,'50','2023-01-17 17:25:23'),(743,10,42,'50','2023-01-17 17:25:33'),(744,10,42,'50.1','2023-01-17 17:25:43'),(745,10,42,'50.1','2023-01-17 17:25:53'),(746,10,42,'50.1','2023-01-17 17:26:04'),(747,10,42,'50.1','2023-01-17 17:26:13'),(748,10,42,'50.1','2023-01-17 17:26:23'),(749,10,42,'50.1','2023-01-17 17:26:33'),(750,10,42,'50.1','2023-01-17 17:26:43'),(751,10,42,'50.1','2023-01-17 17:26:53'),(752,10,42,'50.2','2023-01-17 17:27:03'),(753,10,42,'50.2','2023-01-17 17:27:13'),(754,10,42,'50.2','2023-01-17 17:27:23'),(755,10,42,'50.2','2023-01-17 17:27:33'),(756,10,42,'50.2','2023-01-17 17:27:43'),(757,10,42,'50.2','2023-01-17 17:27:54'),(758,10,42,'50.2','2023-01-17 17:28:03'),(759,10,42,'50.2','2023-01-17 17:28:13'),(760,10,42,'50.1','2023-01-17 17:28:23'),(761,10,42,'50.2','2023-01-17 17:28:33'),(762,10,42,'50.2','2023-01-17 17:28:43'),(763,10,42,'50.1','2023-01-17 17:28:53'),(764,10,42,'50.1','2023-01-17 17:29:03'),(765,10,42,'50.1','2023-01-17 17:29:13'),(766,10,42,'50.1','2023-01-17 17:29:23'),(767,10,42,'50.1','2023-01-17 17:29:34'),(768,10,42,'50.1','2023-01-17 17:29:43'),(769,10,42,'50.1','2023-01-17 17:29:53'),(770,10,42,'50.1','2023-01-17 17:30:03'),(771,10,42,'50.1','2023-01-17 17:30:13'),(772,10,42,'50.1','2023-01-17 17:30:23'),(773,10,42,'50.1','2023-01-17 17:30:33'),(774,10,42,'50','2023-01-17 17:30:43'),(775,10,42,'50','2023-01-17 17:30:53'),(776,10,42,'50.1','2023-01-17 17:31:03'),(777,10,42,'50.1','2023-01-17 17:31:13'),(778,10,42,'50','2023-01-17 17:31:23'),(779,10,42,'50','2023-01-17 17:31:33'),(780,10,42,'50','2023-01-17 17:31:43'),(781,10,42,'50','2023-01-17 17:31:53'),(782,10,42,'50','2023-01-17 17:32:03'),(783,10,42,'50','2023-01-17 17:32:13'),(784,10,42,'50','2023-01-17 17:32:23'),(785,10,42,'50','2023-01-17 17:32:33'),(786,10,42,'50','2023-01-17 17:32:43'),(787,10,42,'50','2023-01-17 17:32:53'),(788,10,42,'50','2023-01-17 17:33:03'),(789,10,42,'50','2023-01-17 17:33:13'),(790,10,42,'50','2023-01-17 17:33:23'),(791,10,42,'50','2023-01-17 17:33:33'),(792,10,42,'50','2023-01-17 17:33:43'),(793,10,42,'50','2023-01-17 17:33:53'),(794,10,42,'50','2023-01-17 17:34:03'),(795,10,42,'50','2023-01-17 17:34:13'),(796,10,42,'50','2023-01-17 17:34:23'),(797,10,42,'50','2023-01-17 17:34:33'),(798,10,42,'50','2023-01-17 17:34:43'),(799,10,42,'50','2023-01-17 17:34:53'),(800,10,42,'50','2023-01-17 17:35:03'),(801,10,42,'50','2023-01-17 17:35:13'),(802,10,42,'50','2023-01-17 17:35:23'),(803,10,42,'50','2023-01-17 17:35:33'),(804,10,42,'50','2023-01-17 17:35:43'),(805,10,42,'50','2023-01-17 17:35:53'),(806,10,42,'50','2023-01-17 17:36:03'),(807,10,42,'50','2023-01-17 17:36:13'),(808,10,42,'50','2023-01-17 17:36:23'),(809,10,42,'50','2023-01-17 17:36:33'),(810,10,42,'50','2023-01-17 17:36:43'),(811,10,42,'50','2023-01-17 17:36:53'),(812,10,42,'49.9','2023-01-17 17:37:03'),(813,10,42,'50','2023-01-17 17:37:13'),(814,10,42,'50','2023-01-17 17:37:23'),(815,10,42,'50','2023-01-17 17:37:33'),(816,10,42,'50','2023-01-17 17:37:43'),(817,10,42,'50','2023-01-17 17:37:53'),(818,10,42,'50','2023-01-17 17:38:03'),(819,10,42,'50','2023-01-17 17:38:13'),(820,10,42,'50','2023-01-17 17:38:23'),(821,10,42,'50','2023-01-17 17:38:33'),(822,10,42,'50','2023-01-17 17:38:43'),(823,10,42,'50','2023-01-17 17:38:53'),(824,10,42,'50','2023-01-17 17:39:03'),(825,10,42,'50','2023-01-17 17:39:13'),(826,10,42,'50','2023-01-17 17:39:23'),(827,10,42,'50','2023-01-17 17:39:33'),(828,10,42,'50','2023-01-17 17:39:43'),(829,10,42,'50','2023-01-17 17:39:53'),(830,10,42,'50','2023-01-17 17:40:03'),(831,10,42,'50','2023-01-17 17:40:13'),(832,10,42,'50','2023-01-17 17:40:23'),(833,10,42,'50','2023-01-17 17:40:33'),(834,10,42,'50','2023-01-17 17:40:43'),(835,10,42,'50.1','2023-01-17 17:40:53'),(836,10,42,'50','2023-01-17 17:41:03'),(837,10,42,'50','2023-01-17 17:41:13'),(838,10,42,'50','2023-01-17 17:41:23'),(839,10,42,'50','2023-01-17 17:41:33'),(840,10,42,'50','2023-01-17 17:41:43'),(841,10,42,'50','2023-01-17 17:41:53'),(842,10,42,'50','2023-01-17 17:42:03'),(843,10,42,'50','2023-01-17 17:42:13'),(844,10,42,'50','2023-01-17 17:42:23'),(845,10,42,'50','2023-01-17 17:42:33'),(846,10,42,'50','2023-01-17 17:42:43'),(847,10,42,'50','2023-01-17 17:42:53'),(848,10,42,'50','2023-01-17 17:43:03'),(849,10,42,'50','2023-01-17 17:43:13'),(850,10,42,'50','2023-01-17 17:43:23'),(851,10,42,'50','2023-01-17 17:43:33'),(852,10,42,'50','2023-01-17 17:43:43'),(853,10,42,'50','2023-01-17 17:43:53'),(854,10,42,'50','2023-01-17 17:44:03'),(855,10,42,'50','2023-01-17 17:44:13'),(856,10,42,'50','2023-01-17 17:44:23'),(857,10,42,'50','2023-01-17 17:44:33'),(858,10,42,'50','2023-01-17 17:44:43'),(859,10,42,'50','2023-01-17 17:44:53'),(860,10,42,'50','2023-01-17 17:45:03'),(861,10,42,'50','2023-01-17 17:45:13'),(862,10,42,'50','2023-01-17 17:45:23'),(863,10,42,'50','2023-01-17 17:45:33'),(864,10,42,'50','2023-01-17 17:45:43'),(865,10,42,'50','2023-01-17 17:45:53'),(866,10,42,'50','2023-01-17 17:46:03'),(867,10,42,'50','2023-01-17 17:46:13'),(868,10,42,'50','2023-01-17 17:46:23'),(869,10,42,'50.1','2023-01-17 17:46:33'),(870,10,42,'50.4','2023-01-17 17:46:44'),(871,10,42,'50.6','2023-01-17 17:46:53'),(872,10,42,'50.7','2023-01-17 17:47:03'),(873,10,42,'51','2023-01-17 17:47:14'),(874,10,42,'51.2','2023-01-17 17:47:23'),(875,10,42,'51.4','2023-01-17 17:47:33'),(876,10,42,'51.6','2023-01-17 17:47:43'),(877,10,42,'51.8','2023-01-17 17:47:53'),(878,10,42,'52.1','2023-01-17 17:48:03'),(879,10,42,'52.3','2023-01-17 17:48:13'),(880,10,42,'52.4','2023-01-17 17:48:23'),(881,10,42,'52.7','2023-01-17 17:48:33'),(882,10,42,'52.8','2023-01-17 17:48:43'),(883,10,42,'53.1','2023-01-17 17:48:54'),(884,10,42,'53.3','2023-01-17 17:49:03'),(885,10,42,'53.5','2023-01-17 17:49:14'),(886,10,42,'53.7','2023-01-17 17:49:23'),(887,10,42,'53.9','2023-01-17 17:49:33'),(888,10,42,'54.1','2023-01-17 17:49:44'),(889,10,42,'54.3','2023-01-17 17:49:53'),(890,10,42,'54.5','2023-01-17 17:50:03'),(891,10,42,'54.7','2023-01-17 17:50:13'),(892,10,42,'54.9','2023-01-17 17:50:23'),(893,10,42,'55.1','2023-01-17 17:50:33'),(894,10,42,'55.3','2023-01-17 17:50:44'),(895,10,42,'55.6','2023-01-17 17:50:54'),(896,10,42,'55.8','2023-01-17 17:51:03'),(897,10,42,'55.9','2023-01-17 17:51:14'),(898,10,42,'56.1','2023-01-17 17:51:23'),(899,10,42,'56.3','2023-01-17 17:51:33'),(900,10,42,'56.5','2023-01-17 17:51:44'),(901,10,42,'56.8','2023-01-17 17:51:54'),(902,10,42,'56.9','2023-01-17 17:52:03'),(903,10,42,'57.1','2023-01-17 17:52:14'),(904,10,42,'57.3','2023-01-17 17:52:24'),(905,10,42,'57.6','2023-01-17 17:52:34'),(906,10,42,'57.8','2023-01-17 17:52:44'),(907,10,42,'58','2023-01-17 17:52:54'),(908,10,42,'58.2','2023-01-17 17:53:04'),(909,10,42,'58.4','2023-01-17 17:53:13'),(910,10,42,'58.6','2023-01-17 17:53:23'),(911,10,42,'58.8','2023-01-17 17:53:34'),(912,10,42,'59','2023-01-17 17:53:44'),(913,10,42,'59.1','2023-01-17 17:53:54'),(914,10,42,'59.3','2023-01-17 17:54:04'),(915,10,42,'59.5','2023-01-17 17:54:14'),(916,10,42,'59.7','2023-01-17 17:54:23'),(917,10,42,'59.9','2023-01-17 17:54:34'),(918,10,42,'60.1','2023-01-17 17:54:44'),(919,10,42,'60.3','2023-01-17 17:54:54'),(920,10,42,'60.5','2023-01-17 17:55:04'),(921,10,42,'60.7','2023-01-17 17:55:14'),(922,10,42,'60.9','2023-01-17 17:55:24'),(923,10,42,'61.1','2023-01-17 17:55:34'),(924,10,42,'61.3','2023-01-17 17:55:44'),(925,10,42,'61.5','2023-01-17 17:55:54'),(926,10,42,'61.6','2023-01-17 17:56:04'),(927,10,42,'61.9','2023-01-17 17:56:14'),(928,10,42,'62.1','2023-01-17 17:56:24'),(929,10,42,'62.2','2023-01-17 17:56:34'),(930,10,42,'62.5','2023-01-17 17:56:44'),(931,10,42,'62.7','2023-01-17 17:56:54'),(932,10,42,'62.8','2023-01-17 17:57:04'),(933,10,42,'63','2023-01-17 17:57:14'),(934,10,42,'63.2','2023-01-17 17:57:24'),(935,10,42,'63.4','2023-01-17 17:57:34'),(936,10,42,'63.6','2023-01-17 17:57:44'),(937,10,42,'63.8','2023-01-17 17:57:54'),(938,10,42,'64','2023-01-17 17:58:04'),(939,10,42,'64.1','2023-01-17 17:58:14'),(940,10,42,'64.4','2023-01-17 17:58:24'),(941,10,42,'64.5','2023-01-17 17:58:34'),(942,10,42,'64.7','2023-01-17 17:58:44'),(943,10,42,'64.9','2023-01-17 17:58:54'),(944,10,42,'65','2023-01-17 17:59:04'),(945,10,42,'65.2','2023-01-17 17:59:14'),(946,10,42,'65.5','2023-01-17 17:59:24'),(947,10,42,'65.7','2023-01-17 17:59:34'),(948,10,42,'65.9','2023-01-17 17:59:44'),(949,10,42,'66.1','2023-01-17 17:59:54'),(950,10,42,'66.2','2023-01-17 18:00:04'),(951,10,42,'66.4','2023-01-17 18:00:14'),(952,10,42,'66.6','2023-01-17 18:00:24'),(953,10,42,'66.8','2023-01-17 18:00:34'),(954,10,42,'67','2023-01-17 18:00:44'),(955,10,42,'67.1','2023-01-17 18:00:54'),(956,10,42,'67.3','2023-01-17 18:01:04'),(957,10,42,'67.4','2023-01-17 18:01:14'),(958,10,42,'67.6','2023-01-17 18:01:24'),(959,10,42,'67.7','2023-01-17 18:01:34'),(960,10,42,'67.9','2023-01-17 18:01:44'),(961,10,42,'68.1','2023-01-17 18:01:54'),(962,10,42,'68.2','2023-01-17 18:02:04'),(963,10,42,'68.3','2023-01-17 18:02:14'),(964,10,42,'68.5','2023-01-17 18:02:24'),(965,10,42,'68.6','2023-01-17 18:02:34'),(966,10,42,'68.7','2023-01-17 18:02:44'),(967,10,42,'68.9','2023-01-17 18:02:54'),(968,10,42,'69','2023-01-17 18:03:04'),(969,10,42,'69.1','2023-01-17 18:03:14'),(970,10,42,'69.3','2023-01-17 18:03:24'),(971,10,42,'69.4','2023-01-17 18:03:34'),(972,10,42,'69.5','2023-01-17 18:03:43'),(973,10,42,'69.6','2023-01-17 18:03:54'),(974,10,42,'69.7','2023-01-17 18:04:04'),(975,10,42,'69.7','2023-01-17 18:04:14'),(976,10,42,'69.8','2023-01-17 18:04:24'),(977,10,42,'69.7','2023-01-17 18:04:34'),(978,10,42,'69.9','2023-01-17 18:04:44'),(979,10,42,'69.9','2023-01-17 18:04:54'),(980,10,42,'70','2023-01-17 18:05:04'),(981,10,42,'70','2023-01-17 18:05:14'),(982,10,42,'70','2023-01-17 18:05:24'),(983,10,42,'70','2023-01-17 18:05:34'),(984,10,42,'70','2023-01-17 18:05:44'),(985,10,42,'70.1','2023-01-17 18:05:54'),(986,10,42,'70.1','2023-01-17 18:06:04'),(987,10,42,'70.1','2023-01-17 18:06:14'),(988,10,42,'70','2023-01-17 18:06:24'),(989,10,42,'70','2023-01-17 18:06:34'),(990,10,42,'70','2023-01-17 18:06:44'),(991,10,42,'70','2023-01-17 18:06:54'),(992,10,42,'70','2023-01-17 18:07:04'),(993,10,42,'70','2023-01-17 18:07:14'),(994,10,42,'70','2023-01-17 18:07:24'),(995,10,42,'70','2023-01-17 18:07:34'),(996,10,42,'70','2023-01-17 18:07:44'),(997,10,42,'69.9','2023-01-17 18:07:54'),(998,10,42,'69.9','2023-01-17 18:08:04'),(999,10,42,'69.9','2023-01-17 18:08:14'),(1000,10,42,'69.8','2023-01-17 18:08:24'),(1001,10,42,'69.8','2023-01-17 18:08:34'),(1002,10,42,'69.8','2023-01-17 18:08:44'),(1003,10,42,'69.9','2023-01-17 18:08:54'),(1004,10,42,'69.9','2023-01-17 18:09:04'),(1005,10,42,'69.9','2023-01-17 18:09:14'),(1006,10,42,'69.9','2023-01-17 18:09:24'),(1007,10,42,'70','2023-01-17 18:09:34'),(1008,10,42,'69.9','2023-01-17 18:09:44'),(1009,10,42,'70','2023-01-17 18:09:54'),(1010,10,42,'70','2023-01-17 18:10:04'),(1011,10,42,'70','2023-01-17 18:10:14'),(1012,10,42,'70','2023-01-17 18:10:24'),(1013,10,42,'70.1','2023-01-17 18:10:34'),(1014,10,42,'70','2023-01-17 18:10:44'),(1015,10,42,'70','2023-01-17 18:10:54'),(1016,10,42,'70','2023-01-17 18:11:04'),(1017,10,42,'70','2023-01-17 18:11:14'),(1018,10,42,'70','2023-01-17 18:11:24'),(1019,10,42,'70.1','2023-01-17 18:11:34'),(1020,10,42,'70.1','2023-01-17 18:11:44'),(1021,10,42,'70.1','2023-01-17 18:11:54'),(1022,10,42,'70.1','2023-01-17 18:12:04'),(1023,10,42,'70','2023-01-17 18:12:14'),(1024,10,42,'70','2023-01-17 18:12:24'),(1025,10,42,'70','2023-01-17 18:12:34'),(1026,10,42,'70.1','2023-01-17 18:12:44'),(1027,10,42,'70.1','2023-01-17 18:12:54'),(1028,10,42,'70.1','2023-01-17 18:13:04'),(1029,10,42,'70','2023-01-17 18:13:14'),(1030,10,42,'70.1','2023-01-17 18:13:24'),(1031,10,42,'70.1','2023-01-17 18:13:34'),(1032,10,42,'70.1','2023-01-17 18:13:44'),(1033,10,42,'70.1','2023-01-17 18:13:54'),(1034,10,42,'70','2023-01-17 18:14:04'),(1035,10,42,'70','2023-01-17 18:14:14'),(1036,10,42,'70','2023-01-17 18:14:24'),(1037,10,42,'70','2023-01-17 18:14:34'),(1038,10,42,'70.1','2023-01-17 18:14:44'),(1039,10,42,'70.1','2023-01-17 18:14:54'),(1040,10,42,'70','2023-01-17 18:15:04'),(1041,10,42,'70','2023-01-17 18:15:14'),(1042,10,42,'70','2023-01-17 18:15:24'),(1043,10,42,'70','2023-01-17 18:15:34'),(1044,10,42,'70','2023-01-17 18:15:44'),(1045,10,42,'70','2023-01-17 18:15:54'),(1046,10,42,'70','2023-01-17 18:16:04'),(1047,10,42,'70','2023-01-17 18:16:14'),(1048,10,42,'70','2023-01-17 18:16:24'),(1049,10,42,'70','2023-01-17 18:16:34'),(1050,10,42,'70','2023-01-17 18:16:44'),(1051,10,42,'70','2023-01-17 18:16:54'),(1052,10,42,'70','2023-01-17 18:17:04'),(1053,10,42,'70','2023-01-17 18:17:14'),(1054,10,42,'70','2023-01-17 18:17:24'),(1055,10,42,'70','2023-01-17 18:17:34'),(1056,10,42,'70','2023-01-17 18:17:44'),(1057,10,42,'70','2023-01-17 18:17:54'),(1058,10,42,'70','2023-01-17 18:18:04'),(1059,10,42,'69.9','2023-01-17 18:18:14'),(1060,10,42,'70','2023-01-17 18:18:24'),(1061,10,42,'69.9','2023-01-17 18:18:34'),(1062,10,42,'69.9','2023-01-17 18:18:44'),(1063,10,42,'70','2023-01-17 18:18:54'),(1064,10,42,'70','2023-01-17 18:19:04'),(1065,10,42,'70','2023-01-17 18:19:14'),(1066,10,42,'70','2023-01-17 18:19:24'),(1067,10,42,'70','2023-01-17 18:19:34'),(1068,10,42,'70','2023-01-17 18:19:44'),(1069,10,42,'70','2023-01-17 18:19:54'),(1070,10,42,'70','2023-01-17 18:20:04'),(1071,10,42,'70','2023-01-17 18:20:14'),(1072,10,42,'70','2023-01-17 18:20:24'),(1073,10,42,'70','2023-01-17 18:20:34'),(1074,10,42,'70','2023-01-17 18:20:44'),(1075,10,42,'70','2023-01-17 18:20:54'),(1076,10,42,'70','2023-01-17 18:21:04'),(1077,10,42,'70','2023-01-17 18:21:14'),(1078,10,42,'70','2023-01-17 18:21:24'),(1079,10,42,'70','2023-01-17 18:21:34'),(1080,10,42,'70','2023-01-17 18:21:44'),(1081,10,42,'70','2023-01-17 18:21:54'),(1082,10,42,'70','2023-01-17 18:22:04'),(1083,10,42,'70','2023-01-17 18:22:14'),(1084,10,42,'70','2023-01-17 18:22:24'),(1085,10,42,'70','2023-01-17 18:22:34'),(1086,10,42,'70','2023-01-17 18:22:44'),(1087,10,42,'70','2023-01-17 18:22:54'),(1088,10,42,'70','2023-01-17 18:23:04'),(1089,10,42,'70','2023-01-17 18:23:14'),(1090,10,42,'70','2023-01-17 18:23:24'),(1091,10,42,'70','2023-01-17 18:23:34'),(1092,10,42,'70','2023-01-17 18:23:44'),(1093,10,42,'70','2023-01-17 18:23:54'),(1094,10,42,'70','2023-01-17 18:24:04'),(1095,10,42,'70','2023-01-17 18:24:14'),(1096,10,42,'70','2023-01-17 18:24:24'),(1097,10,42,'70','2023-01-17 18:24:34'),(1098,10,42,'70','2023-01-17 18:24:44'),(1099,10,42,'70','2023-01-17 18:24:54'),(1100,10,42,'70','2023-01-17 18:25:04'),(1101,10,42,'70','2023-01-17 18:25:14'),(1102,10,42,'70','2023-01-17 18:25:24'),(1103,10,42,'70','2023-01-17 18:25:34'),(1104,10,42,'70','2023-01-17 18:25:44'),(1105,10,42,'70','2023-01-17 18:25:54'),(1106,10,42,'70','2023-01-17 18:26:04'),(1107,10,42,'70','2023-01-17 18:26:14'),(1108,10,42,'70','2023-01-17 18:26:24'),(1109,10,42,'70','2023-01-17 18:26:34'),(1110,10,42,'70','2023-01-17 18:26:44'),(1111,10,42,'70','2023-01-17 18:26:54'),(1112,10,42,'70','2023-01-17 18:27:04'),(1113,10,42,'70','2023-01-17 18:27:14'),(1114,10,42,'70','2023-01-17 18:27:24'),(1115,10,42,'70','2023-01-17 18:27:34'),(1116,10,42,'70','2023-01-17 18:27:44'),(1117,10,42,'70','2023-01-17 18:27:54'),(1118,10,42,'70','2023-01-17 18:28:04'),(1119,10,42,'70','2023-01-17 18:28:14'),(1120,10,42,'70','2023-01-17 18:28:24'),(1121,10,42,'70','2023-01-17 18:28:34'),(1122,10,42,'70','2023-01-17 18:28:44'),(1123,10,42,'70','2023-01-17 18:28:54'),(1124,10,42,'70','2023-01-17 18:29:04'),(1125,10,42,'70','2023-01-17 18:29:14'),(1126,10,42,'70','2023-01-17 18:29:24'),(1127,10,42,'70','2023-01-17 18:29:34'),(1128,10,42,'70','2023-01-17 18:29:44'),(1129,10,42,'70','2023-01-17 18:29:54'),(1130,10,42,'70','2023-01-17 18:30:04'),(1131,11,48,'24.4','2023-01-18 15:36:28'),(1132,11,48,'24.6','2023-01-18 15:36:38'),(1133,11,48,'24.9','2023-01-18 15:36:48'),(1134,11,48,'25.1','2023-01-18 15:36:58'),(1135,11,48,'25.3','2023-01-18 15:37:08'),(1136,11,48,'25.5','2023-01-18 15:37:18'),(1137,11,48,'25.7','2023-01-18 15:37:28'),(1138,11,48,'26','2023-01-18 15:37:38'),(1139,11,48,'26.2','2023-01-18 15:37:48'),(1140,11,48,'26.4','2023-01-18 15:37:58'),(1141,11,48,'26.7','2023-01-18 15:38:08'),(1142,11,48,'26.9','2023-01-18 15:38:18'),(1143,11,48,'27','2023-01-18 15:38:28'),(1144,11,48,'27.2','2023-01-18 15:38:38'),(1145,11,48,'27.4','2023-01-18 15:38:48'),(1146,11,48,'27.6','2023-01-18 15:38:58'),(1147,11,48,'27.8','2023-01-18 15:39:08'),(1148,11,48,'28','2023-01-18 15:39:18'),(1149,11,48,'28.2','2023-01-18 15:39:28'),(1150,11,48,'28.4','2023-01-18 15:39:38'),(1151,11,48,'28.5','2023-01-18 15:39:48'),(1152,11,48,'28.7','2023-01-18 15:39:59'),(1153,11,48,'28.8','2023-01-18 15:40:08'),(1154,11,48,'29','2023-01-18 15:40:18'),(1155,11,48,'29.1','2023-01-18 15:40:28'),(1156,11,48,'29.2','2023-01-18 15:40:38'),(1157,11,48,'29.4','2023-01-18 15:40:48'),(1158,11,48,'29.5','2023-01-18 15:40:58'),(1159,11,48,'29.6','2023-01-18 15:41:09'),(1160,11,48,'29.7','2023-01-18 15:41:18'),(1161,11,48,'29.7','2023-01-18 15:41:28'),(1162,11,48,'29.8','2023-01-18 15:41:38'),(1163,11,48,'29.9','2023-01-18 15:41:48'),(1164,11,48,'29.9','2023-01-18 15:41:58'),(1165,11,48,'30','2023-01-18 15:42:08'),(1166,11,48,'30','2023-01-18 15:42:19'),(1167,11,48,'30.1','2023-01-18 15:42:28'),(1168,11,48,'30.1','2023-01-18 15:42:38'),(1169,11,48,'30.1','2023-01-18 15:42:49'),(1170,11,48,'30.1','2023-01-18 15:42:58'),(1171,11,48,'30.1','2023-01-18 15:43:08'),(1172,11,48,'30.1','2023-01-18 15:43:18'),(1173,11,48,'30.1','2023-01-18 15:43:28'),(1174,11,48,'30.1','2023-01-18 15:43:38'),(1175,11,48,'30.1','2023-01-18 15:43:48'),(1176,11,48,'30.1','2023-01-18 15:43:58'),(1177,11,48,'30.1','2023-01-18 15:44:08'),(1178,11,48,'30.1','2023-01-18 15:44:18'),(1179,11,48,'30.1','2023-01-18 15:44:28'),(1180,11,48,'30.1','2023-01-18 15:44:39'),(1181,11,48,'30.1','2023-01-18 15:44:49'),(1182,11,48,'30.1','2023-01-18 15:44:58'),(1183,11,48,'30.1','2023-01-18 15:45:08'),(1184,11,48,'30.1','2023-01-18 15:45:18'),(1185,11,48,'30.1','2023-01-18 15:45:28'),(1186,11,48,'30.1','2023-01-18 15:45:38'),(1187,11,48,'30.1','2023-01-18 15:45:48'),(1188,11,48,'30.1','2023-01-18 15:45:58'),(1189,11,48,'30.2','2023-01-18 15:46:08'),(1190,11,48,'30.2','2023-01-18 15:46:18'),(1191,11,48,'30.3','2023-01-18 15:46:28'),(1192,11,48,'30.3','2023-01-18 15:46:39'),(1193,11,48,'30.3','2023-01-18 15:46:48'),(1194,11,48,'30.3','2023-01-18 15:46:58'),(1195,11,48,'30.3','2023-01-18 15:47:08'),(1196,11,48,'30.3','2023-01-18 15:47:19'),(1197,11,48,'30.3','2023-01-18 15:47:28'),(1198,11,48,'30.4','2023-01-18 15:47:39'),(1199,11,48,'30.4','2023-01-18 15:47:48'),(1200,11,48,'30.3','2023-01-18 15:47:58'),(1201,11,48,'30.3','2023-01-18 15:48:08'),(1202,11,48,'30.3','2023-01-18 15:48:18'),(1203,11,48,'30.3','2023-01-18 15:48:29'),(1204,11,48,'30.3','2023-01-18 15:48:38'),(1205,11,48,'30.3','2023-01-18 15:48:48'),(1206,11,48,'30.3','2023-01-18 15:48:58'),(1207,11,48,'30.3','2023-01-18 15:49:09'),(1208,11,48,'30.3','2023-01-18 15:49:18'),(1209,11,48,'30.3','2023-01-18 15:49:28'),(1210,11,48,'30.3','2023-01-18 15:49:39'),(1211,11,48,'30.3','2023-01-18 15:49:49'),(1212,11,48,'30.3','2023-01-18 15:49:58'),(1213,11,48,'30.3','2023-01-18 15:50:08'),(1214,11,48,'30.3','2023-01-18 15:50:19'),(1215,11,48,'30.3','2023-01-18 15:50:29'),(1216,11,48,'30.3','2023-01-18 15:50:39'),(1217,11,48,'30.3','2023-01-18 15:50:49'),(1218,11,48,'30.3','2023-01-18 15:50:59'),(1219,11,48,'30.2','2023-01-18 15:51:08'),(1220,11,48,'30.2','2023-01-18 15:51:18'),(1221,11,48,'30.2','2023-01-18 15:51:28'),(1222,11,48,'30.2','2023-01-18 15:51:39'),(1223,11,48,'30.2','2023-01-18 15:51:48'),(1224,11,48,'30.2','2023-01-18 15:51:58'),(1225,11,48,'30.2','2023-01-18 15:52:09'),(1226,11,48,'30.2','2023-01-18 15:52:18'),(1227,11,48,'30.2','2023-01-18 15:52:28'),(1228,11,48,'30.2','2023-01-18 15:52:39'),(1229,11,48,'30.2','2023-01-18 15:52:48'),(1230,11,48,'30.2','2023-01-18 15:52:58'),(1231,11,48,'30.2','2023-01-18 15:53:09'),(1232,11,48,'30.2','2023-01-18 15:53:18'),(1233,11,48,'30.2','2023-01-18 15:53:29'),(1234,11,48,'30.2','2023-01-18 15:53:39'),(1235,11,48,'30.1','2023-01-18 15:53:49'),(1236,11,48,'30.2','2023-01-18 15:53:59'),(1237,11,48,'30.2','2023-01-18 15:54:09'),(1238,11,48,'30.2','2023-01-18 15:54:19'),(1239,11,48,'30.2','2023-01-18 15:54:29'),(1240,11,48,'30.1','2023-01-18 15:54:39'),(1241,11,48,'30.1','2023-01-18 15:54:49'),(1242,11,48,'30.1','2023-01-18 15:54:59'),(1243,11,48,'30.1','2023-01-18 15:55:09'),(1244,11,48,'30.1','2023-01-18 15:55:19'),(1245,11,48,'30.2','2023-01-18 15:55:29'),(1246,11,48,'30.1','2023-01-18 15:55:39'),(1247,11,48,'30.1','2023-01-18 15:55:49'),(1248,11,48,'30.1','2023-01-18 15:55:59'),(1249,11,48,'30.1','2023-01-18 15:56:09'),(1250,11,48,'30.1','2023-01-18 15:56:19'),(1251,11,48,'30.1','2023-01-18 15:56:29'),(1252,11,48,'30.1','2023-01-18 15:56:39'),(1253,11,48,'30.1','2023-01-18 15:56:49'),(1254,11,48,'30.1','2023-01-18 15:56:59'),(1255,11,48,'30.1','2023-01-18 15:57:09'),(1256,11,48,'30.1','2023-01-18 15:57:19'),(1257,11,48,'30.1','2023-01-18 15:57:29'),(1258,11,48,'30.1','2023-01-18 15:57:39'),(1259,11,48,'30.1','2023-01-18 15:57:49'),(1260,11,48,'30','2023-01-18 15:57:59'),(1261,11,48,'30','2023-01-18 15:58:09'),(1262,11,48,'30','2023-01-18 15:58:19'),(1263,11,48,'30','2023-01-18 15:58:29'),(1264,11,48,'30.1','2023-01-18 15:58:39'),(1265,11,48,'30.1','2023-01-18 15:58:49'),(1266,11,48,'30','2023-01-18 15:58:59'),(1267,11,48,'30','2023-01-18 15:59:09'),(1268,11,48,'30.1','2023-01-18 15:59:19'),(1269,11,48,'30.1','2023-01-18 15:59:29'),(1270,11,48,'30.1','2023-01-18 15:59:39'),(1271,11,48,'30','2023-01-18 15:59:49'),(1272,11,48,'30','2023-01-18 15:59:59'),(1273,11,48,'30.1','2023-01-18 16:00:09'),(1274,11,48,'30','2023-01-18 16:00:19'),(1275,11,48,'30.1','2023-01-18 16:00:29'),(1276,11,48,'30.1','2023-01-18 16:00:39'),(1277,11,48,'30.1','2023-01-18 16:00:49'),(1278,11,48,'30.1','2023-01-18 16:00:59'),(1279,11,48,'30.1','2023-01-18 16:01:09'),(1280,11,48,'30.1','2023-01-18 16:01:19'),(1281,11,48,'30.1','2023-01-18 16:01:29'),(1282,11,48,'30.1','2023-01-18 16:01:39'),(1283,11,48,'30.1','2023-01-18 16:01:49'),(1284,11,48,'30.1','2023-01-18 16:01:59'),(1285,11,48,'30.1','2023-01-18 16:02:09'),(1286,11,48,'30.1','2023-01-18 16:02:19'),(1287,11,48,'30.1','2023-01-18 16:02:29'),(1288,11,48,'30.1','2023-01-18 16:02:39'),(1289,11,48,'30.1','2023-01-18 16:02:49'),(1290,11,48,'30.1','2023-01-18 16:02:59'),(1291,11,48,'30.1','2023-01-18 16:03:09'),(1292,11,48,'30.1','2023-01-18 16:03:19'),(1293,11,48,'30.1','2023-01-18 16:03:29'),(1294,11,48,'30.1','2023-01-18 16:03:39'),(1295,11,48,'30.1','2023-01-18 16:03:49'),(1296,11,48,'30.1','2023-01-18 16:03:59'),(1297,11,48,'30.1','2023-01-18 16:04:09'),(1298,11,48,'30.1','2023-01-18 16:04:19'),(1299,11,48,'30.1','2023-01-18 16:04:29'),(1300,11,48,'30.1','2023-01-18 16:04:39'),(1301,11,48,'30.1','2023-01-18 16:04:49'),(1302,11,48,'30.1','2023-01-18 16:04:59'),(1303,11,48,'30.1','2023-01-18 16:05:09'),(1304,11,48,'30.1','2023-01-18 16:05:19'),(1305,11,48,'30.1','2023-01-18 16:05:29'),(1306,11,48,'30.1','2023-01-18 16:05:39'),(1307,11,48,'30.1','2023-01-18 16:05:49'),(1308,11,48,'30.1','2023-01-18 16:05:59'),(1309,11,48,'30.1','2023-01-18 16:06:09'),(1310,11,48,'30.1','2023-01-18 16:06:19'),(1311,11,48,'30.1','2023-01-18 16:06:29'),(1312,11,48,'30.1','2023-01-18 16:06:39'),(1313,11,48,'30.2','2023-01-18 16:06:49'),(1314,11,48,'30.1','2023-01-18 16:06:59'),(1315,11,48,'30.1','2023-01-18 16:07:09'),(1316,11,48,'30.1','2023-01-18 16:07:19'),(1317,11,48,'30.1','2023-01-18 16:07:29'),(1318,11,48,'30.2','2023-01-18 16:07:39'),(1319,11,48,'30.2','2023-01-18 16:07:49'),(1320,11,48,'30.2','2023-01-18 16:07:59'),(1321,11,48,'30.2','2023-01-18 16:08:09'),(1322,11,48,'30.2','2023-01-18 16:08:19'),(1323,11,48,'30.2','2023-01-18 16:08:29'),(1324,11,48,'30.2','2023-01-18 16:08:39'),(1325,11,48,'30.2','2023-01-18 16:08:49'),(1326,11,48,'30.2','2023-01-18 16:08:59'),(1327,11,48,'30.1','2023-01-18 16:09:09'),(1328,11,48,'30.1','2023-01-18 16:09:19'),(1329,11,48,'30.2','2023-01-18 16:09:29'),(1330,11,48,'30.2','2023-01-18 16:09:39'),(1331,11,48,'30.2','2023-01-18 16:09:49'),(1332,11,48,'30.2','2023-01-18 16:09:59'),(1333,11,48,'30.2','2023-01-18 16:10:09'),(1334,11,48,'30.2','2023-01-18 16:10:19'),(1335,11,48,'30.2','2023-01-18 16:10:29'),(1336,11,48,'30.3','2023-01-18 16:10:39'),(1337,11,48,'30.5','2023-01-18 16:10:49'),(1338,11,48,'30.7','2023-01-18 16:11:00'),(1339,11,48,'31','2023-01-18 16:11:09'),(1340,11,48,'31.2','2023-01-18 16:11:19'),(1341,11,48,'31.4','2023-01-18 16:11:29'),(1342,11,48,'31.7','2023-01-18 16:11:40'),(1343,11,48,'31.9','2023-01-18 16:11:49'),(1344,11,48,'32.1','2023-01-18 16:11:59'),(1345,11,48,'32.4','2023-01-18 16:12:09'),(1346,11,48,'32.6','2023-01-18 16:12:20'),(1347,11,48,'32.8','2023-01-18 16:12:29'),(1348,11,48,'33','2023-01-18 16:12:39'),(1349,11,48,'33.3','2023-01-18 16:12:49'),(1350,11,48,'33.5','2023-01-18 16:12:59'),(1351,11,48,'33.8','2023-01-18 16:13:09'),(1352,11,48,'34','2023-01-18 16:13:19'),(1353,11,48,'34.2','2023-01-18 16:13:29'),(1354,11,48,'34.4','2023-01-18 16:13:39'),(1355,11,48,'34.7','2023-01-18 16:13:49'),(1356,11,48,'34.9','2023-01-18 16:14:00'),(1357,11,48,'35.1','2023-01-18 16:14:09'),(1358,11,48,'35.4','2023-01-18 16:14:19'),(1359,11,48,'35.6','2023-01-18 16:14:29'),(1360,11,48,'35.8','2023-01-18 16:14:39'),(1361,11,48,'36','2023-01-18 16:14:49'),(1362,11,48,'36.3','2023-01-18 16:14:59'),(1363,11,48,'36.5','2023-01-18 16:15:10'),(1364,11,48,'36.8','2023-01-18 16:15:19'),(1365,11,48,'37','2023-01-18 16:15:29'),(1366,11,48,'37.2','2023-01-18 16:15:39'),(1367,11,48,'37.4','2023-01-18 16:15:50'),(1368,11,48,'37.6','2023-01-18 16:15:59'),(1369,11,48,'37.9','2023-01-18 16:16:09'),(1370,11,48,'38.1','2023-01-18 16:16:19'),(1371,11,48,'38.3','2023-01-18 16:16:29'),(1372,11,48,'38.5','2023-01-18 16:16:39'),(1373,11,48,'38.8','2023-01-18 16:16:49'),(1374,11,48,'39','2023-01-18 16:17:00'),(1375,11,48,'39.2','2023-01-18 16:17:09'),(1376,11,48,'39.4','2023-01-18 16:17:19'),(1377,11,48,'39.6','2023-01-18 16:17:29'),(1378,11,48,'39.9','2023-01-18 16:17:40'),(1379,11,48,'40.1','2023-01-18 16:17:49'),(1380,11,48,'40.3','2023-01-18 16:17:59'),(1381,11,48,'40.5','2023-01-18 16:18:09'),(1382,11,48,'40.7','2023-01-18 16:18:19'),(1383,11,48,'41','2023-01-18 16:18:29'),(1384,11,48,'41.2','2023-01-18 16:18:40'),(1385,11,48,'41.4','2023-01-18 16:18:49'),(1386,11,48,'41.6','2023-01-18 16:18:59'),(1387,11,48,'41.9','2023-01-18 16:19:09'),(1388,11,48,'42.1','2023-01-18 16:19:19'),(1389,11,48,'42.3','2023-01-18 16:19:29'),(1390,11,48,'42.5','2023-01-18 16:19:40'),(1391,11,48,'42.7','2023-01-18 16:19:50'),(1392,11,48,'43','2023-01-18 16:19:59'),(1393,11,48,'43.2','2023-01-18 16:20:10'),(1394,11,48,'43.4','2023-01-18 16:20:19'),(1395,11,48,'43.6','2023-01-18 16:20:29'),(1396,11,48,'43.8','2023-01-18 16:20:39'),(1397,11,48,'44','2023-01-18 16:20:50'),(1398,11,48,'44.3','2023-01-18 16:20:59'),(1399,11,48,'44.5','2023-01-18 16:21:09'),(1400,11,48,'44.7','2023-01-18 16:21:19'),(1401,11,48,'44.9','2023-01-18 16:21:29'),(1402,11,48,'45.1','2023-01-18 16:21:40'),(1403,11,48,'45.3','2023-01-18 16:21:49'),(1404,11,48,'45.5','2023-01-18 16:21:59'),(1405,11,48,'45.8','2023-01-18 16:22:09'),(1406,11,48,'46','2023-01-18 16:22:19'),(1407,11,48,'46.2','2023-01-18 16:22:30'),(1408,11,48,'46.4','2023-01-18 16:22:39'),(1409,11,48,'46.6','2023-01-18 16:22:49'),(1410,11,48,'46.8','2023-01-18 16:22:59'),(1411,11,48,'47','2023-01-18 16:23:10'),(1412,11,48,'47.1','2023-01-18 16:23:19'),(1413,11,48,'47.3','2023-01-18 16:23:29'),(1414,11,48,'47.5','2023-01-18 16:23:39'),(1415,11,48,'47.6','2023-01-18 16:23:49'),(1416,11,48,'47.9','2023-01-18 16:23:59'),(1417,11,48,'48','2023-01-18 16:24:09'),(1418,11,48,'48.2','2023-01-18 16:24:19'),(1419,11,48,'48.4','2023-01-18 16:24:29'),(1420,11,48,'48.5','2023-01-18 16:24:39'),(1421,11,48,'48.7','2023-01-18 16:24:50'),(1422,11,48,'48.8','2023-01-18 16:24:59'),(1423,11,48,'49','2023-01-18 16:25:09'),(1424,11,48,'49.1','2023-01-18 16:25:19'),(1425,11,48,'49.2','2023-01-18 16:25:29'),(1426,11,48,'49.3','2023-01-18 16:25:39'),(1427,11,48,'49.4','2023-01-18 16:25:49'),(1428,11,48,'49.5','2023-01-18 16:26:00'),(1429,11,48,'49.6','2023-01-18 16:26:09'),(1430,11,48,'49.7','2023-01-18 16:26:19'),(1431,11,48,'49.8','2023-01-18 16:26:30'),(1432,11,48,'49.8','2023-01-18 16:26:39'),(1433,11,48,'49.9','2023-01-18 16:26:49'),(1434,11,48,'49.9','2023-01-18 16:26:59'),(1435,11,48,'49.9','2023-01-18 16:27:09'),(1436,11,48,'50','2023-01-18 16:27:20'),(1437,11,48,'50','2023-01-18 16:27:30'),(1438,11,48,'50','2023-01-18 16:27:39'),(1439,11,48,'50.1','2023-01-18 16:27:49'),(1440,11,48,'50.1','2023-01-18 16:28:00'),(1441,11,48,'50.1','2023-01-18 16:28:10'),(1442,11,48,'50','2023-01-18 16:28:19'),(1443,11,48,'50','2023-01-18 16:28:29'),(1444,11,48,'50','2023-01-18 16:28:40'),(1445,11,48,'50','2023-01-18 16:28:49'),(1446,11,48,'50','2023-01-18 16:28:59'),(1447,11,48,'50','2023-01-18 16:29:10'),(1448,11,48,'49.9','2023-01-18 16:29:20'),(1449,11,48,'49.9','2023-01-18 16:29:30'),(1450,11,48,'49.9','2023-01-18 16:29:39'),(1451,11,48,'49.9','2023-01-18 16:29:50'),(1452,11,48,'49.9','2023-01-18 16:29:59'),(1453,11,48,'49.9','2023-01-18 16:30:09'),(1454,11,48,'49.9','2023-01-18 16:30:19'),(1455,11,48,'49.8','2023-01-18 16:30:30'),(1456,11,48,'49.8','2023-01-18 16:30:39'),(1457,11,48,'49.8','2023-01-18 16:30:49'),(1458,11,48,'49.9','2023-01-18 16:31:00'),(1459,11,48,'49.9','2023-01-18 16:31:09'),(1460,11,48,'49.9','2023-01-18 16:31:20'),(1461,11,48,'50','2023-01-18 16:31:29'),(1462,11,48,'50','2023-01-18 16:31:40'),(1463,11,48,'50','2023-01-18 16:31:49'),(1464,11,48,'50','2023-01-18 16:31:59'),(1465,11,48,'50','2023-01-18 16:32:09'),(1466,11,48,'50.1','2023-01-18 16:32:20'),(1467,11,48,'50.1','2023-01-18 16:32:29'),(1468,11,48,'50.1','2023-01-18 16:32:39'),(1469,11,48,'50.1','2023-01-18 16:32:49'),(1470,11,48,'50.1','2023-01-18 16:33:00'),(1471,11,48,'50.1','2023-01-18 16:33:09'),(1472,11,48,'50.1','2023-01-18 16:33:19'),(1473,11,48,'50.1','2023-01-18 16:33:29'),(1474,11,48,'50.1','2023-01-18 16:33:39'),(1475,11,48,'50.1','2023-01-18 16:33:49'),(1476,11,48,'50.1','2023-01-18 16:33:59'),(1477,11,48,'50.1','2023-01-18 16:34:09'),(1478,11,48,'50.1','2023-01-18 16:34:19'),(1479,11,48,'50.1','2023-01-18 16:34:29'),(1480,11,48,'50.2','2023-01-18 16:34:40'),(1481,11,48,'50.2','2023-01-18 16:34:49'),(1482,11,48,'50.1','2023-01-18 16:34:59'),(1483,11,48,'50.1','2023-01-18 16:35:09'),(1484,11,48,'50.1','2023-01-18 16:35:20'),(1485,11,48,'50.1','2023-01-18 16:35:29'),(1486,11,48,'50.1','2023-01-18 16:35:39'),(1487,11,48,'50.1','2023-01-18 16:35:49'),(1488,11,48,'50.1','2023-01-18 16:36:00'),(1489,11,48,'50.1','2023-01-18 16:36:09'),(1490,11,48,'50.1','2023-01-18 16:36:20'),(1491,11,48,'50.1','2023-01-18 16:36:29'),(1492,11,48,'50.1','2023-01-18 16:36:40'),(1493,11,48,'50.1','2023-01-18 16:36:49'),(1494,11,48,'50.1','2023-01-18 16:36:59'),(1495,11,48,'50','2023-01-18 16:37:09'),(1496,11,48,'50','2023-01-18 16:37:19'),(1497,11,48,'50','2023-01-18 16:37:29'),(1498,11,48,'50','2023-01-18 16:37:40'),(1499,11,48,'50','2023-01-18 16:37:50'),(1500,11,48,'50','2023-01-18 16:37:59'),(1501,11,48,'50','2023-01-18 16:38:09'),(1502,11,48,'50','2023-01-18 16:38:19'),(1503,11,48,'50','2023-01-18 16:38:30'),(1504,11,48,'50','2023-01-18 16:38:40'),(1505,11,48,'50','2023-01-18 16:38:50'),(1506,11,48,'50','2023-01-18 16:39:00'),(1507,11,48,'50','2023-01-18 16:39:10'),(1508,11,48,'50','2023-01-18 16:39:20'),(1509,11,48,'50','2023-01-18 16:39:30'),(1510,11,48,'50','2023-01-18 16:39:40'),(1511,11,48,'50','2023-01-18 16:39:50'),(1512,11,48,'50','2023-01-18 16:40:00'),(1513,11,48,'50','2023-01-18 16:40:10'),(1514,11,48,'50','2023-01-18 16:40:20'),(1515,11,48,'50','2023-01-18 16:40:30'),(1516,11,48,'50','2023-01-18 16:40:40'),(1517,11,48,'50','2023-01-18 16:40:50'),(1518,11,48,'50','2023-01-18 16:41:00'),(1519,11,48,'50','2023-01-18 16:41:10'),(1520,11,48,'50','2023-01-18 16:41:20'),(1521,11,48,'50','2023-01-18 16:41:30'),(1522,11,48,'50','2023-01-18 16:41:40'),(1523,11,48,'50','2023-01-18 16:41:50'),(1524,11,48,'50','2023-01-18 16:42:00'),(1525,11,48,'50','2023-01-18 16:42:10'),(1526,11,48,'50','2023-01-18 16:42:20'),(1527,11,48,'50','2023-01-18 16:42:30'),(1528,11,48,'50','2023-01-18 16:42:40'),(1529,11,48,'50','2023-01-18 16:42:50'),(1530,11,48,'50','2023-01-18 16:43:00'),(1531,11,48,'50','2023-01-18 16:43:10'),(1532,11,48,'50','2023-01-18 16:43:20'),(1533,11,48,'50','2023-01-18 16:43:30'),(1534,11,48,'50','2023-01-18 16:43:40'),(1535,11,48,'50','2023-01-18 16:43:50'),(1536,11,48,'50','2023-01-18 16:44:00'),(1537,11,48,'50','2023-01-18 16:44:10'),(1538,11,48,'50','2023-01-18 16:44:20'),(1539,11,48,'50','2023-01-18 16:44:30'),(1540,11,48,'50','2023-01-18 16:44:40'),(1541,11,48,'50','2023-01-18 16:44:50'),(1542,11,48,'50','2023-01-18 16:45:00'),(1543,11,48,'50','2023-01-18 16:45:10'),(1544,11,48,'50','2023-01-18 16:45:20'),(1545,11,48,'50','2023-01-18 16:45:30'),(1546,11,48,'50','2023-01-18 16:45:40'),(1547,11,48,'50','2023-01-18 16:45:50'),(1548,11,48,'50','2023-01-18 16:46:00'),(1549,11,48,'50','2023-01-18 16:46:10'),(1550,11,48,'50','2023-01-18 16:46:20'),(1551,11,48,'50','2023-01-18 16:46:30'),(1552,11,48,'50','2023-01-18 16:46:40'),(1553,11,48,'50','2023-01-18 16:46:50'),(1554,11,48,'50','2023-01-18 16:47:00'),(1555,11,48,'50','2023-01-18 16:47:10'),(1556,11,48,'50','2023-01-18 16:47:20'),(1557,11,48,'50','2023-01-18 16:47:30'),(1558,11,48,'50','2023-01-18 16:47:40'),(1559,11,48,'50','2023-01-18 16:47:50'),(1560,11,48,'50','2023-01-18 16:48:00'),(1561,11,48,'50','2023-01-18 16:48:10'),(1562,11,48,'50','2023-01-18 16:48:20'),(1563,11,48,'50','2023-01-18 16:48:30'),(1564,11,48,'50','2023-01-18 16:48:40'),(1565,11,48,'50','2023-01-18 16:48:50'),(1566,11,48,'50','2023-01-18 16:49:00'),(1567,11,48,'50','2023-01-18 16:49:10'),(1568,11,48,'50','2023-01-18 16:49:20'),(1569,11,48,'50','2023-01-18 16:49:30'),(1570,11,48,'50','2023-01-18 16:49:40'),(1571,11,48,'50','2023-01-18 16:49:50'),(1572,11,48,'50','2023-01-18 16:50:00'),(1573,11,48,'50','2023-01-18 16:50:10'),(1574,11,48,'50','2023-01-18 16:50:20'),(1575,11,48,'50','2023-01-18 16:50:30'),(1576,11,48,'50','2023-01-18 16:50:40'),(1577,11,48,'50','2023-01-18 16:50:50'),(1578,11,48,'50','2023-01-18 16:51:00'),(1579,11,48,'50','2023-01-18 16:51:10'),(1580,11,48,'50','2023-01-18 16:51:20'),(1581,11,48,'50','2023-01-18 16:51:30'),(1582,11,48,'50','2023-01-18 16:51:40'),(1583,11,48,'50','2023-01-18 16:51:50'),(1584,11,48,'50','2023-01-18 16:52:00'),(1585,11,48,'50','2023-01-18 16:52:10'),(1586,11,48,'50','2023-01-18 16:52:20'),(1587,11,48,'50','2023-01-18 16:52:30'),(1588,11,48,'50','2023-01-18 16:52:40'),(1589,11,48,'50','2023-01-18 16:52:50'),(1590,11,48,'50','2023-01-18 16:53:00'),(1591,11,48,'50','2023-01-18 16:53:10'),(1592,11,48,'50','2023-01-18 16:53:20'),(1593,11,48,'50','2023-01-18 16:53:30'),(1594,11,48,'50','2023-01-18 16:53:40'),(1595,11,48,'50','2023-01-18 16:53:50'),(1596,11,48,'50','2023-01-18 16:54:00'),(1597,11,48,'50','2023-01-18 16:54:10'),(1598,11,48,'50','2023-01-18 16:54:20'),(1599,11,48,'50','2023-01-18 16:54:30'),(1600,11,48,'50','2023-01-18 16:54:40'),(1601,11,48,'50','2023-01-18 16:54:50'),(1602,11,48,'50','2023-01-18 16:55:00'),(1603,11,48,'50','2023-01-18 16:55:10'),(1604,11,48,'50','2023-01-18 16:55:20'),(1605,11,48,'50','2023-01-18 16:55:30'),(1606,11,48,'50.2','2023-01-18 16:55:40'),(1607,11,48,'50.4','2023-01-18 16:55:50'),(1608,11,48,'50.6','2023-01-18 16:56:00'),(1609,11,48,'50.8','2023-01-18 16:56:10'),(1610,11,48,'51','2023-01-18 16:56:20'),(1611,11,48,'51.2','2023-01-18 16:56:30'),(1612,11,48,'51.4','2023-01-18 16:56:40'),(1613,11,48,'51.6','2023-01-18 16:56:50'),(1614,11,48,'51.9','2023-01-18 16:57:01'),(1615,11,48,'52.1','2023-01-18 16:57:10'),(1616,11,48,'52.3','2023-01-18 16:57:20'),(1617,11,48,'52.5','2023-01-18 16:57:30'),(1618,11,48,'52.7','2023-01-18 16:57:40'),(1619,11,48,'52.9','2023-01-18 16:57:50'),(1620,11,48,'53.1','2023-01-18 16:58:00'),(1621,11,48,'53.3','2023-01-18 16:58:10'),(1622,11,48,'53.6','2023-01-18 16:58:20'),(1623,11,48,'53.8','2023-01-18 16:58:30'),(1624,11,48,'54','2023-01-18 16:58:40'),(1625,11,48,'54.2','2023-01-18 16:58:50'),(1626,11,48,'54.4','2023-01-18 16:59:01'),(1627,11,48,'54.6','2023-01-18 16:59:10'),(1628,11,48,'54.8','2023-01-18 16:59:20'),(1629,11,48,'55','2023-01-18 16:59:30'),(1630,11,48,'55.2','2023-01-18 16:59:40'),(1631,11,48,'55.4','2023-01-18 16:59:50'),(1632,11,48,'55.6','2023-01-18 17:00:00'),(1633,11,48,'55.9','2023-01-18 17:00:11'),(1634,11,48,'56','2023-01-18 17:00:20'),(1635,11,48,'56.2','2023-01-18 17:00:30'),(1636,11,48,'56.5','2023-01-18 17:00:40'),(1637,11,48,'56.7','2023-01-18 17:00:50'),(1638,11,48,'56.9','2023-01-18 17:01:00'),(1639,11,48,'57.1','2023-01-18 17:01:10'),(1640,11,48,'57.3','2023-01-18 17:01:20'),(1641,11,48,'57.5','2023-01-18 17:01:30'),(1642,11,48,'57.7','2023-01-18 17:01:40'),(1643,11,48,'57.9','2023-01-18 17:01:51'),(1644,11,48,'58.1','2023-01-18 17:02:00'),(1645,11,48,'58.3','2023-01-18 17:02:10'),(1646,11,48,'58.5','2023-01-18 17:02:20'),(1647,11,48,'58.7','2023-01-18 17:02:30'),(1648,11,48,'58.9','2023-01-18 17:02:40'),(1649,11,48,'59.1','2023-01-18 17:02:50'),(1650,11,48,'59.3','2023-01-18 17:03:00'),(1651,11,48,'59.5','2023-01-18 17:03:10'),(1652,11,48,'59.7','2023-01-18 17:03:20'),(1653,11,48,'59.9','2023-01-18 17:03:30'),(1654,11,48,'60.1','2023-01-18 17:03:40'),(1655,11,48,'60.3','2023-01-18 17:03:50'),(1656,11,48,'60.5','2023-01-18 17:04:00'),(1657,11,48,'60.7','2023-01-18 17:04:10'),(1658,11,48,'60.9','2023-01-18 17:04:20'),(1659,11,48,'61.2','2023-01-18 17:04:31'),(1660,11,48,'61.3','2023-01-18 17:04:40'),(1661,11,48,'61.5','2023-01-18 17:04:50'),(1662,11,48,'61.7','2023-01-18 17:05:00'),(1663,11,48,'61.9','2023-01-18 17:05:10'),(1664,11,48,'62.1','2023-01-18 17:05:20'),(1665,11,48,'62.3','2023-01-18 17:05:30'),(1666,11,48,'62.5','2023-01-18 17:05:40'),(1667,11,48,'62.7','2023-01-18 17:05:50'),(1668,11,48,'62.9','2023-01-18 17:06:00'),(1669,11,48,'63.1','2023-01-18 17:06:10'),(1670,11,48,'63.3','2023-01-18 17:06:20'),(1671,11,48,'63.5','2023-01-18 17:06:30'),(1672,11,48,'63.7','2023-01-18 17:06:40'),(1673,11,48,'63.8','2023-01-18 17:06:50'),(1674,11,48,'64.1','2023-01-18 17:07:00'),(1675,11,48,'64.2','2023-01-18 17:07:10'),(1676,11,48,'64.5','2023-01-18 17:07:20'),(1677,11,48,'64.7','2023-01-18 17:07:30'),(1678,11,48,'64.9','2023-01-18 17:07:41'),(1679,11,48,'65','2023-01-18 17:07:50'),(1680,11,48,'65.2','2023-01-18 17:08:00'),(1681,11,48,'65.4','2023-01-18 17:08:11'),(1682,11,48,'65.6','2023-01-18 17:08:20'),(1683,11,48,'65.8','2023-01-18 17:08:30'),(1684,11,48,'66','2023-01-18 17:08:40'),(1685,11,48,'66.2','2023-01-18 17:08:51'),(1686,11,48,'66.3','2023-01-18 17:09:00'),(1687,11,48,'66.5','2023-01-18 17:09:10'),(1688,11,48,'66.7','2023-01-18 17:09:21'),(1689,11,48,'66.9','2023-01-18 17:09:30'),(1690,11,48,'67','2023-01-18 17:09:40'),(1691,11,48,'67.2','2023-01-18 17:09:50'),(1692,11,48,'67.3','2023-01-18 17:10:00'),(1693,11,48,'67.5','2023-01-18 17:10:10'),(1694,11,48,'67.7','2023-01-18 17:10:21'),(1695,11,48,'67.8','2023-01-18 17:10:30'),(1696,11,48,'67.9','2023-01-18 17:10:40'),(1697,11,48,'68.1','2023-01-18 17:10:50'),(1698,11,48,'68.3','2023-01-18 17:11:01'),(1699,11,48,'68.4','2023-01-18 17:11:10'),(1700,11,48,'68.5','2023-01-18 17:11:20'),(1701,11,48,'68.7','2023-01-18 17:11:30'),(1702,11,48,'68.8','2023-01-18 17:11:40'),(1703,11,48,'69','2023-01-18 17:11:50'),(1704,11,48,'69.1','2023-01-18 17:12:00'),(1705,11,48,'69.2','2023-01-18 17:12:10'),(1706,11,48,'69.3','2023-01-18 17:12:20'),(1707,11,48,'69.4','2023-01-18 17:12:30'),(1708,11,48,'69.5','2023-01-18 17:12:41'),(1709,11,48,'69.6','2023-01-18 17:12:50'),(1710,11,48,'69.7','2023-01-18 17:13:00'),(1711,11,48,'69.7','2023-01-18 17:13:10'),(1712,11,48,'69.8','2023-01-18 17:13:20'),(1713,11,48,'69.8','2023-01-18 17:13:30'),(1714,11,48,'69.9','2023-01-18 17:13:41'),(1715,11,48,'69.9','2023-01-18 17:13:50'),(1716,11,48,'69.9','2023-01-18 17:14:00'),(1717,11,48,'70','2023-01-18 17:14:10'),(1718,11,48,'70','2023-01-18 17:14:20'),(1719,11,48,'70','2023-01-18 17:14:30'),(1720,11,48,'70','2023-01-18 17:14:40'),(1721,11,48,'70','2023-01-18 17:14:50'),(1722,11,48,'70','2023-01-18 17:15:00'),(1723,11,48,'70','2023-01-18 17:15:10'),(1724,11,48,'70','2023-01-18 17:15:21'),(1725,11,48,'70','2023-01-18 17:15:30'),(1726,11,48,'70','2023-01-18 17:15:40'),(1727,11,48,'70','2023-01-18 17:15:50'),(1728,11,48,'70','2023-01-18 17:16:00'),(1729,11,48,'69.9','2023-01-18 17:16:10'),(1730,11,48,'69.9','2023-01-18 17:16:20'),(1731,11,48,'69.9','2023-01-18 17:16:30'),(1732,11,48,'69.9','2023-01-18 17:16:40'),(1733,11,48,'69.8','2023-01-18 17:16:50'),(1734,11,48,'69.8','2023-01-18 17:17:01'),(1735,11,48,'69.8','2023-01-18 17:17:10'),(1736,11,48,'69.7','2023-01-18 17:17:20'),(1737,11,48,'69.7','2023-01-18 17:17:31'),(1738,11,48,'69.8','2023-01-18 17:17:40'),(1739,11,48,'69.8','2023-01-18 17:17:51'),(1740,11,48,'69.8','2023-01-18 17:18:00'),(1741,11,48,'69.9','2023-01-18 17:18:11'),(1742,11,48,'69.9','2023-01-18 17:18:20'),(1743,11,48,'69.8','2023-01-18 17:18:30'),(1744,11,48,'69.9','2023-01-18 17:18:40'),(1745,11,48,'69.9','2023-01-18 17:18:51'),(1746,11,48,'69.9','2023-01-18 17:19:00'),(1747,11,48,'70','2023-01-18 17:19:10'),(1748,11,48,'70','2023-01-18 17:19:20'),(1749,11,48,'70','2023-01-18 17:19:31'),(1750,11,48,'70','2023-01-18 17:19:41'),(1751,11,48,'70','2023-01-18 17:19:50'),(1752,11,48,'70','2023-01-18 17:20:00'),(1753,11,48,'70','2023-01-18 17:20:11'),(1754,11,48,'70','2023-01-18 17:20:20'),(1755,11,48,'70','2023-01-18 17:20:31'),(1756,11,48,'70','2023-01-18 17:20:40'),(1757,11,48,'70','2023-01-18 17:20:51'),(1758,11,48,'70.1','2023-01-18 17:21:01'),(1759,11,48,'70.1','2023-01-18 17:21:11'),(1760,11,48,'70','2023-01-18 17:21:20'),(1761,11,48,'70.1','2023-01-18 17:21:31'),(1762,11,48,'70','2023-01-18 17:21:41'),(1763,11,48,'70.1','2023-01-18 17:21:51'),(1764,11,48,'70.1','2023-01-18 17:22:00'),(1765,11,48,'70.1','2023-01-18 17:22:11'),(1766,11,48,'70.1','2023-01-18 17:22:21'),(1767,11,48,'70.1','2023-01-18 17:22:30'),(1768,11,48,'70.1','2023-01-18 17:22:41'),(1769,11,48,'70.1','2023-01-18 17:22:50'),(1770,11,48,'70.1','2023-01-18 17:23:01'),(1771,11,48,'70.1','2023-01-18 17:23:11'),(1772,11,48,'70.1','2023-01-18 17:23:20'),(1773,11,48,'70.1','2023-01-18 17:23:31'),(1774,11,48,'70','2023-01-18 17:23:41'),(1775,11,48,'70.1','2023-01-18 17:23:50'),(1776,11,48,'70.1','2023-01-18 17:24:00'),(1777,11,48,'70.1','2023-01-18 17:24:10'),(1778,11,48,'70','2023-01-18 17:24:21'),(1779,11,48,'70','2023-01-18 17:24:31'),(1780,11,48,'70','2023-01-18 17:24:41'),(1781,11,48,'70','2023-01-18 17:24:51'),(1782,11,48,'70','2023-01-18 17:25:01'),(1783,11,48,'70','2023-01-18 17:25:11'),(1784,11,48,'70','2023-01-18 17:25:21'),(1785,11,48,'70','2023-01-18 17:25:31'),(1786,11,48,'70','2023-01-18 17:25:41'),(1787,11,48,'70','2023-01-18 17:25:51'),(1788,11,48,'70','2023-01-18 17:26:01'),(1789,11,48,'70','2023-01-18 17:26:11'),(1790,11,48,'70','2023-01-18 17:26:21'),(1791,11,48,'70','2023-01-18 17:26:31'),(1792,11,48,'70','2023-01-18 17:26:41'),(1793,11,48,'70','2023-01-18 17:26:51'),(1794,11,48,'70','2023-01-18 17:27:01'),(1795,11,48,'70','2023-01-18 17:27:11'),(1796,11,48,'70','2023-01-18 17:27:21'),(1797,11,48,'70','2023-01-18 17:27:31'),(1798,11,48,'70','2023-01-18 17:27:41'),(1799,11,48,'70','2023-01-18 17:27:51'),(1800,11,48,'70','2023-01-18 17:28:01'),(1801,11,48,'70','2023-01-18 17:28:11'),(1802,11,48,'70','2023-01-18 17:28:21'),(1803,11,48,'70','2023-01-18 17:28:31'),(1804,11,48,'70','2023-01-18 17:28:41'),(1805,11,48,'70','2023-01-18 17:28:51'),(1806,11,48,'70','2023-01-18 17:29:01'),(1807,11,48,'70','2023-01-18 17:29:11'),(1808,11,48,'70','2023-01-18 17:29:21'),(1809,11,48,'70','2023-01-18 17:29:31'),(1810,11,48,'70','2023-01-18 17:29:41'),(1811,11,48,'70','2023-01-18 17:29:51'),(1812,11,48,'70','2023-01-18 17:30:01'),(1813,11,48,'70','2023-01-18 17:30:11'),(1814,11,48,'70','2023-01-18 17:30:21'),(1815,11,48,'70','2023-01-18 17:30:31'),(1816,11,48,'70','2023-01-18 17:30:41'),(1817,11,48,'70','2023-01-18 17:30:51'),(1818,11,48,'70','2023-01-18 17:31:01'),(1819,11,48,'70','2023-01-18 17:31:11'),(1820,11,48,'69.9','2023-01-18 17:31:21'),(1821,11,48,'70','2023-01-18 17:31:31'),(1822,11,48,'70','2023-01-18 17:31:41'),(1823,11,48,'70','2023-01-18 17:31:51'),(1824,11,48,'70','2023-01-18 17:32:01'),(1825,11,48,'70','2023-01-18 17:32:11'),(1826,11,48,'70','2023-01-18 17:32:21'),(1827,11,48,'70','2023-01-18 17:32:31'),(1828,11,48,'70','2023-01-18 17:32:41'),(1829,11,48,'70','2023-01-18 17:32:51'),(1830,11,48,'70','2023-01-18 17:33:01'),(1831,11,48,'70','2023-01-18 17:33:11'),(1832,11,48,'70','2023-01-18 17:33:21'),(1833,11,48,'70','2023-01-18 17:33:31'),(1834,11,48,'70','2023-01-18 17:33:41'),(1835,11,48,'70','2023-01-18 17:33:51'),(1836,11,48,'70','2023-01-18 17:34:01'),(1837,11,48,'70','2023-01-18 17:34:11'),(1838,11,48,'70','2023-01-18 17:34:21'),(1839,11,48,'70','2023-01-18 17:34:31'),(1840,11,48,'70.1','2023-01-18 17:34:41'),(1841,11,48,'70','2023-01-18 17:34:51'),(1842,11,48,'70','2023-01-18 17:35:01'),(1843,11,48,'70','2023-01-18 17:35:11'),(1844,11,48,'70','2023-01-18 17:35:21'),(1845,11,48,'70','2023-01-18 17:35:31'),(1846,11,48,'70','2023-01-18 17:35:41'),(1847,11,48,'70','2023-01-18 17:35:51'),(1848,11,48,'70','2023-01-18 17:36:01'),(1849,11,48,'70','2023-01-18 17:36:11'),(1850,11,48,'70','2023-01-18 17:36:21'),(1851,11,48,'70','2023-01-18 17:36:31'),(1852,11,48,'70','2023-01-18 17:36:41'),(1853,11,48,'70','2023-01-18 17:36:51'),(1854,11,48,'70','2023-01-18 17:37:01'),(1855,11,48,'70','2023-01-18 17:37:11'),(1856,11,48,'70','2023-01-18 17:37:21'),(1857,11,48,'70','2023-01-18 17:37:31'),(1858,11,48,'70','2023-01-18 17:37:41'),(1859,11,48,'70','2023-01-18 17:37:51'),(1860,11,48,'70','2023-01-18 17:38:01'),(1861,11,48,'70','2023-01-18 17:38:11'),(1862,11,48,'70','2023-01-18 17:38:21'),(1863,11,48,'70','2023-01-18 17:38:31'),(1864,11,48,'70','2023-01-18 17:38:41'),(1865,11,48,'70','2023-01-18 17:38:51'),(1866,11,48,'70','2023-01-18 17:39:01'),(1867,11,48,'70','2023-01-18 17:39:11'),(1868,11,48,'70','2023-01-18 17:39:21'),(1869,11,48,'70','2023-01-18 17:39:31'),(1870,11,48,'70','2023-01-18 17:39:41'),(1871,11,48,'70','2023-01-18 17:39:51'),(1872,11,48,'70','2023-01-18 17:40:01'),(1873,11,48,'70','2023-01-18 17:40:11'),(1874,11,48,'70','2023-01-18 17:40:21'),(1875,11,48,'70','2023-01-18 17:40:31'),(1876,11,48,'70','2023-01-18 17:40:41'),(1877,11,48,'70','2023-01-18 17:40:51'),(1878,11,48,'70','2023-01-18 17:41:01'),(1879,11,48,'70','2023-01-18 17:41:11'),(1880,11,48,'70','2023-01-18 17:41:21'),(1881,11,48,'70','2023-01-18 17:41:31'),(1882,11,48,'70','2023-01-18 17:41:41'),(1883,11,48,'70','2023-01-18 17:41:51'),(1884,12,54,'27.1','2023-01-19 13:33:58'),(1885,12,54,'27.3','2023-01-19 13:34:07'),(1886,12,54,'27.5','2023-01-19 13:34:18'),(1887,12,54,'27.7','2023-01-19 13:34:28'),(1888,12,54,'27.9','2023-01-19 13:34:38'),(1889,12,54,'28.1','2023-01-19 13:34:48'),(1890,12,54,'28.2','2023-01-19 13:34:58'),(1891,12,54,'28.4','2023-01-19 13:35:08'),(1892,12,54,'28.6','2023-01-19 13:35:18'),(1893,12,54,'28.7','2023-01-19 13:35:28'),(1894,12,54,'28.9','2023-01-19 13:35:38'),(1895,12,54,'29','2023-01-19 13:35:48'),(1896,12,54,'29.1','2023-01-19 13:35:58'),(1897,12,54,'29.2','2023-01-19 13:36:08'),(1898,12,54,'29.4','2023-01-19 13:36:18'),(1899,12,54,'29.4','2023-01-19 13:36:28'),(1900,12,54,'29.5','2023-01-19 13:36:38'),(1901,12,54,'29.6','2023-01-19 13:36:48'),(1902,12,54,'29.7','2023-01-19 13:36:58'),(1903,12,54,'29.8','2023-01-19 13:37:08'),(1904,12,54,'29.8','2023-01-19 13:37:18'),(1905,12,54,'29.9','2023-01-19 13:37:28'),(1906,12,54,'29.9','2023-01-19 13:37:38'),(1907,12,54,'30','2023-01-19 13:37:48'),(1908,12,54,'30','2023-01-19 13:37:58'),(1909,12,54,'30','2023-01-19 13:38:08'),(1910,12,54,'30','2023-01-19 13:38:18'),(1911,12,54,'30','2023-01-19 13:38:28'),(1912,12,54,'30','2023-01-19 13:38:38'),(1913,12,54,'30.1','2023-01-19 13:38:48'),(1914,12,54,'30.1','2023-01-19 13:38:58'),(1915,12,54,'30.1','2023-01-19 13:39:08'),(1916,12,54,'30.1','2023-01-19 13:39:18'),(1917,12,54,'30','2023-01-19 13:39:28'),(1918,12,54,'30.1','2023-01-19 13:39:38'),(1919,12,54,'30.1','2023-01-19 13:39:48'),(1920,12,54,'30.1','2023-01-19 13:39:58'),(1921,12,54,'30.1','2023-01-19 13:40:08'),(1922,12,54,'30.1','2023-01-19 13:40:18'),(1923,12,54,'30.1','2023-01-19 13:40:29'),(1924,12,54,'30.1','2023-01-19 13:40:38'),(1925,12,54,'30.1','2023-01-19 13:40:48'),(1926,12,54,'30.1','2023-01-19 13:40:58'),(1927,12,54,'30.1','2023-01-19 13:41:08'),(1928,12,54,'30.1','2023-01-19 13:41:18'),(1929,12,54,'30.1','2023-01-19 13:41:28'),(1930,12,54,'30.1','2023-01-19 13:41:38'),(1931,12,54,'30.1','2023-01-19 13:41:48'),(1932,12,54,'30.1','2023-01-19 13:41:58'),(1933,12,54,'30.1','2023-01-19 13:42:08'),(1934,12,54,'30.1','2023-01-19 13:42:18'),(1935,12,54,'30.2','2023-01-19 13:42:28'),(1936,12,54,'30.2','2023-01-19 13:42:38'),(1937,12,54,'30.2','2023-01-19 13:42:48'),(1938,12,54,'30.3','2023-01-19 13:42:58'),(1939,12,54,'30.3','2023-01-19 13:43:08'),(1940,12,54,'30.3','2023-01-19 13:43:18'),(1941,12,54,'30.3','2023-01-19 13:43:28'),(1942,12,54,'30.3','2023-01-19 13:43:38'),(1943,12,54,'30.3','2023-01-19 13:43:48'),(1944,12,54,'30.3','2023-01-19 13:43:58'),(1945,12,54,'30.3','2023-01-19 13:44:08'),(1946,12,54,'30.4','2023-01-19 13:44:18'),(1947,12,54,'30.4','2023-01-19 13:44:28'),(1948,12,54,'30.3','2023-01-19 13:44:38'),(1949,12,54,'30.3','2023-01-19 13:44:48'),(1950,12,54,'30.3','2023-01-19 13:44:58'),(1951,12,54,'30.3','2023-01-19 13:45:08'),(1952,12,54,'30.4','2023-01-19 13:45:18'),(1953,12,54,'30.3','2023-01-19 13:45:28'),(1954,12,54,'30.3','2023-01-19 13:45:38'),(1955,12,54,'30.3','2023-01-19 13:45:48'),(1956,12,54,'30.3','2023-01-19 13:45:58'),(1957,12,54,'30.3','2023-01-19 13:46:08'),(1958,12,54,'30.3','2023-01-19 13:46:18'),(1959,12,54,'30.3','2023-01-19 13:46:28'),(1960,12,54,'30.4','2023-01-19 13:46:38'),(1961,12,54,'30.3','2023-01-19 13:46:48'),(1962,12,54,'30.3','2023-01-19 13:46:58'),(1963,12,54,'30.3','2023-01-19 13:47:08'),(1964,12,54,'30.3','2023-01-19 13:47:18'),(1965,12,54,'30.3','2023-01-19 13:47:28'),(1966,12,54,'30.3','2023-01-19 13:47:38'),(1967,12,54,'30.3','2023-01-19 13:47:48'),(1968,12,54,'30.3','2023-01-19 13:47:58'),(1969,12,54,'30.3','2023-01-19 13:48:08'),(1970,12,54,'30.2','2023-01-19 13:48:18'),(1971,12,54,'30.3','2023-01-19 13:48:28'),(1972,12,54,'30.3','2023-01-19 13:48:38'),(1973,12,54,'30.2','2023-01-19 13:48:48'),(1974,12,54,'30.2','2023-01-19 13:48:58'),(1975,12,54,'30.2','2023-01-19 13:49:08'),(1976,12,54,'30.2','2023-01-19 13:49:18'),(1977,12,54,'30.2','2023-01-19 13:49:28'),(1978,12,54,'30.2','2023-01-19 13:49:38'),(1979,12,54,'30.2','2023-01-19 13:49:48'),(1980,12,54,'30.2','2023-01-19 13:49:58'),(1981,12,54,'30.2','2023-01-19 13:50:08'),(1982,12,54,'30.2','2023-01-19 13:50:18'),(1983,12,54,'30.2','2023-01-19 13:50:28'),(1984,12,54,'30.2','2023-01-19 13:50:38'),(1985,12,54,'30.2','2023-01-19 13:50:48'),(1986,12,54,'30.2','2023-01-19 13:50:58'),(1987,12,54,'30.2','2023-01-19 13:51:08'),(1988,12,54,'30.2','2023-01-19 13:51:18'),(1989,12,54,'30.2','2023-01-19 13:51:28'),(1990,12,54,'30.2','2023-01-19 13:51:38'),(1991,12,54,'30.2','2023-01-19 13:51:48'),(1992,12,54,'30.2','2023-01-19 13:51:58'),(1993,12,54,'30.1','2023-01-19 13:52:08'),(1994,12,54,'30.1','2023-01-19 13:52:18'),(1995,12,54,'30.1','2023-01-19 13:52:28'),(1996,12,54,'30.1','2023-01-19 13:52:38'),(1997,12,54,'30.1','2023-01-19 13:52:48'),(1998,12,54,'30.1','2023-01-19 13:52:58'),(1999,12,54,'30.1','2023-01-19 13:53:08'),(2000,12,54,'30.1','2023-01-19 13:53:18'),(2001,12,54,'30.1','2023-01-19 13:53:28'),(2002,12,54,'30.1','2023-01-19 13:53:38'),(2003,12,54,'30.1','2023-01-19 13:53:48'),(2004,12,54,'30','2023-01-19 13:53:58'),(2005,12,54,'30','2023-01-19 13:54:08'),(2006,12,54,'30','2023-01-19 13:54:18'),(2007,12,54,'30','2023-01-19 13:54:28'),(2008,12,54,'30.1','2023-01-19 13:54:38'),(2009,12,54,'30.1','2023-01-19 13:54:48'),(2010,12,54,'30.1','2023-01-19 13:54:58'),(2011,12,54,'30.1','2023-01-19 13:55:08'),(2012,12,54,'30.1','2023-01-19 13:55:18'),(2013,12,54,'30.1','2023-01-19 13:55:28'),(2014,12,54,'30.1','2023-01-19 13:55:38'),(2015,12,54,'30.1','2023-01-19 13:55:48'),(2016,12,54,'30.1','2023-01-19 13:55:58'),(2017,12,54,'30.1','2023-01-19 13:56:08'),(2018,12,54,'30.1','2023-01-19 13:56:18'),(2019,12,54,'30.1','2023-01-19 13:56:28'),(2020,12,54,'30.1','2023-01-19 13:56:38'),(2021,12,54,'30.1','2023-01-19 13:56:48'),(2022,12,54,'30.1','2023-01-19 13:56:58'),(2023,12,54,'30.1','2023-01-19 13:57:08'),(2024,12,54,'30.1','2023-01-19 13:57:18'),(2025,12,54,'30.1','2023-01-19 13:57:28'),(2026,12,54,'30.1','2023-01-19 13:57:38'),(2027,12,54,'30.1','2023-01-19 13:57:48'),(2028,12,54,'30.1','2023-01-19 13:57:58'),(2029,12,54,'30.1','2023-01-19 13:58:08'),(2030,12,54,'30.1','2023-01-19 13:58:18'),(2031,12,54,'30.1','2023-01-19 13:58:28'),(2032,12,54,'30.1','2023-01-19 13:58:38'),(2033,12,54,'30.1','2023-01-19 13:58:48'),(2034,12,54,'30.1','2023-01-19 13:58:58'),(2035,12,54,'30.1','2023-01-19 13:59:08'),(2036,12,54,'30.1','2023-01-19 13:59:18'),(2037,12,54,'30.1','2023-01-19 13:59:28'),(2038,12,54,'30.1','2023-01-19 13:59:38'),(2039,12,54,'30.1','2023-01-19 13:59:48'),(2040,12,54,'30.1','2023-01-19 13:59:58'),(2041,12,54,'30.1','2023-01-19 14:00:08'),(2042,12,54,'30.1','2023-01-19 14:00:18'),(2043,12,54,'30.1','2023-01-19 14:00:28'),(2044,12,54,'30.1','2023-01-19 14:00:38'),(2045,12,54,'30.1','2023-01-19 14:00:48'),(2046,12,54,'30.1','2023-01-19 14:00:58'),(2047,12,54,'30.1','2023-01-19 14:01:08'),(2048,12,54,'30.1','2023-01-19 14:01:18'),(2049,12,54,'30.2','2023-01-19 14:01:28'),(2050,12,54,'30.2','2023-01-19 14:01:38'),(2051,12,54,'30.2','2023-01-19 14:01:48'),(2052,12,54,'30.2','2023-01-19 14:01:58'),(2053,12,54,'30.2','2023-01-19 14:02:08'),(2054,12,54,'30.2','2023-01-19 14:02:18'),(2055,12,54,'30.2','2023-01-19 14:02:28'),(2056,12,54,'30.2','2023-01-19 14:02:38'),(2057,12,54,'30.2','2023-01-19 14:02:48'),(2058,12,54,'30.2','2023-01-19 14:02:58'),(2059,12,54,'30.2','2023-01-19 14:03:09'),(2060,12,54,'30.2','2023-01-19 14:03:18'),(2061,12,54,'30.2','2023-01-19 14:03:28'),(2062,12,54,'30.2','2023-01-19 14:03:38'),(2063,12,54,'30.2','2023-01-19 14:03:48'),(2064,12,54,'30.2','2023-01-19 14:03:58'),(2065,12,54,'30.2','2023-01-19 14:04:08'),(2066,12,54,'30.2','2023-01-19 14:04:19'),(2067,12,54,'30.2','2023-01-19 14:04:29'),(2068,12,54,'30.2','2023-01-19 14:04:38'),(2069,12,54,'30.2','2023-01-19 14:04:49'),(2070,12,54,'30.2','2023-01-19 14:04:59'),(2071,12,54,'30.2','2023-01-19 14:05:09'),(2072,12,54,'30.2','2023-01-19 14:05:19'),(2073,12,54,'30.2','2023-01-19 14:05:29'),(2074,12,54,'30.2','2023-01-19 14:05:39'),(2075,12,54,'30.2','2023-01-19 14:05:49'),(2076,12,54,'30.2','2023-01-19 14:05:59'),(2077,12,54,'30.2','2023-01-19 14:06:09'),(2078,12,54,'30.2','2023-01-19 14:06:19'),(2079,12,54,'30.2','2023-01-19 14:06:29'),(2080,12,54,'30.2','2023-01-19 14:06:39'),(2081,12,54,'30.2','2023-01-19 14:06:49'),(2082,12,54,'30.3','2023-01-19 14:06:59'),(2083,12,54,'30.5','2023-01-19 14:07:09'),(2084,12,54,'30.7','2023-01-19 14:07:19'),(2085,12,54,'30.9','2023-01-19 14:07:29'),(2086,12,54,'31.2','2023-01-19 14:07:39'),(2087,12,54,'31.3','2023-01-19 14:07:49'),(2088,12,54,'31.6','2023-01-19 14:07:59'),(2089,12,54,'31.8','2023-01-19 14:08:09'),(2090,12,54,'32.1','2023-01-19 14:08:19'),(2091,12,54,'32.3','2023-01-19 14:08:29'),(2092,12,54,'32.5','2023-01-19 14:08:39'),(2093,12,54,'32.7','2023-01-19 14:08:49'),(2094,12,54,'32.9','2023-01-19 14:08:59'),(2095,12,54,'33.1','2023-01-19 14:09:09'),(2096,12,54,'33.4','2023-01-19 14:09:19'),(2097,12,54,'33.6','2023-01-19 14:09:29'),(2098,12,54,'33.8','2023-01-19 14:09:39'),(2099,12,54,'34.1','2023-01-19 14:09:49'),(2100,12,54,'34.3','2023-01-19 14:09:59'),(2101,12,54,'34.5','2023-01-19 14:10:09'),(2102,12,54,'34.7','2023-01-19 14:10:19'),(2103,12,54,'34.9','2023-01-19 14:10:29'),(2104,12,54,'35.2','2023-01-19 14:10:39'),(2105,12,54,'35.4','2023-01-19 14:10:49'),(2106,12,54,'35.6','2023-01-19 14:10:59'),(2107,12,54,'35.8','2023-01-19 14:11:09'),(2108,12,54,'36.1','2023-01-19 14:11:19'),(2109,12,54,'36.3','2023-01-19 14:11:29'),(2110,12,54,'36.5','2023-01-19 14:11:39'),(2111,12,54,'36.7','2023-01-19 14:11:49'),(2112,12,54,'37','2023-01-19 14:11:59'),(2113,12,54,'37.2','2023-01-19 14:12:09'),(2114,12,54,'37.4','2023-01-19 14:12:19'),(2115,12,54,'37.6','2023-01-19 14:12:29'),(2116,12,54,'37.8','2023-01-19 14:12:39'),(2117,12,54,'38','2023-01-19 14:12:49'),(2118,12,54,'38.2','2023-01-19 14:12:59'),(2119,12,54,'38.5','2023-01-19 14:13:09'),(2120,12,54,'38.7','2023-01-19 14:13:19'),(2121,12,54,'38.9','2023-01-19 14:13:29'),(2122,12,54,'39.1','2023-01-19 14:13:39'),(2123,12,54,'39.3','2023-01-19 14:13:49'),(2124,12,54,'39.6','2023-01-19 14:13:59'),(2125,12,54,'39.8','2023-01-19 14:14:09'),(2126,12,54,'40','2023-01-19 14:14:19'),(2127,12,54,'40.2','2023-01-19 14:14:29'),(2128,12,54,'40.4','2023-01-19 14:14:39'),(2129,12,54,'40.7','2023-01-19 14:14:49'),(2130,12,54,'40.9','2023-01-19 14:14:59'),(2131,12,54,'41.1','2023-01-19 14:15:09'),(2132,12,54,'41.3','2023-01-19 14:15:19'),(2133,12,54,'41.5','2023-01-19 14:15:29'),(2134,12,54,'41.7','2023-01-19 14:15:39'),(2135,12,54,'41.9','2023-01-19 14:15:49'),(2136,12,54,'42.1','2023-01-19 14:15:59'),(2137,12,54,'42.4','2023-01-19 14:16:09'),(2138,12,54,'42.6','2023-01-19 14:16:19'),(2139,12,54,'42.8','2023-01-19 14:16:29'),(2140,12,54,'43','2023-01-19 14:16:39'),(2141,12,54,'43.2','2023-01-19 14:16:49'),(2142,12,54,'43.4','2023-01-19 14:16:59'),(2143,12,54,'43.6','2023-01-19 14:17:09'),(2144,12,54,'43.9','2023-01-19 14:17:19'),(2145,12,54,'44.1','2023-01-19 14:17:29'),(2146,12,54,'44.3','2023-01-19 14:17:39'),(2147,12,54,'44.5','2023-01-19 14:17:49'),(2148,12,54,'44.7','2023-01-19 14:17:59'),(2149,12,54,'44.9','2023-01-19 14:18:09'),(2150,12,54,'45.1','2023-01-19 14:18:19'),(2151,12,54,'45.3','2023-01-19 14:18:29'),(2152,12,54,'45.5','2023-01-19 14:18:39'),(2153,12,54,'45.7','2023-01-19 14:18:49'),(2154,12,54,'45.9','2023-01-19 14:18:59'),(2155,12,54,'46.1','2023-01-19 14:19:09'),(2156,12,54,'46.4','2023-01-19 14:19:19'),(2157,12,54,'46.6','2023-01-19 14:19:29'),(2158,12,54,'46.8','2023-01-19 14:19:39'),(2159,12,54,'46.9','2023-01-19 14:19:49'),(2160,12,54,'47.1','2023-01-19 14:19:59'),(2161,12,54,'47.3','2023-01-19 14:20:09'),(2162,12,54,'47.5','2023-01-19 14:20:19'),(2163,12,54,'47.6','2023-01-19 14:20:29'),(2164,12,54,'47.8','2023-01-19 14:20:39'),(2165,12,54,'48','2023-01-19 14:20:49'),(2166,12,54,'48.2','2023-01-19 14:20:59'),(2167,12,54,'48.3','2023-01-19 14:21:09'),(2168,12,54,'48.5','2023-01-19 14:21:19'),(2169,12,54,'48.6','2023-01-19 14:21:29'),(2170,12,54,'48.8','2023-01-19 14:21:39'),(2171,12,54,'48.9','2023-01-19 14:21:49'),(2172,12,54,'49.1','2023-01-19 14:21:59'),(2173,12,54,'49.2','2023-01-19 14:22:09'),(2174,12,54,'49.3','2023-01-19 14:22:19'),(2175,12,54,'49.4','2023-01-19 14:22:29'),(2176,12,54,'49.5','2023-01-19 14:22:39'),(2177,12,54,'49.6','2023-01-19 14:22:49'),(2178,12,54,'49.7','2023-01-19 14:22:59'),(2179,12,54,'49.7','2023-01-19 14:23:09'),(2180,12,54,'49.8','2023-01-19 14:23:19'),(2181,12,54,'49.9','2023-01-19 14:23:29'),(2182,12,54,'49.9','2023-01-19 14:23:39'),(2183,12,54,'49.9','2023-01-19 14:23:49'),(2184,12,54,'50','2023-01-19 14:23:59'),(2185,12,54,'50','2023-01-19 14:24:09'),(2186,12,54,'50','2023-01-19 14:24:19'),(2187,12,54,'50','2023-01-19 14:24:29'),(2188,12,54,'50.1','2023-01-19 14:24:39'),(2189,12,54,'50.1','2023-01-19 14:24:49'),(2190,12,54,'50','2023-01-19 14:24:59'),(2191,12,54,'50','2023-01-19 14:25:09'),(2192,12,54,'50','2023-01-19 14:25:19'),(2193,12,54,'50','2023-01-19 14:25:29'),(2194,12,54,'50','2023-01-19 14:25:39'),(2195,12,54,'50','2023-01-19 14:25:49'),(2196,12,54,'50','2023-01-19 14:25:59'),(2197,12,54,'50','2023-01-19 14:26:09'),(2198,12,54,'50','2023-01-19 14:26:19'),(2199,12,54,'49.9','2023-01-19 14:26:29'),(2200,12,54,'49.9','2023-01-19 14:26:39'),(2201,12,54,'49.9','2023-01-19 14:26:49'),(2202,12,54,'49.9','2023-01-19 14:26:59'),(2203,12,54,'49.9','2023-01-19 14:27:09'),(2204,12,54,'49.8','2023-01-19 14:27:19'),(2205,12,54,'49.8','2023-01-19 14:27:29'),(2206,12,54,'49.9','2023-01-19 14:27:39'),(2207,12,54,'49.9','2023-01-19 14:27:49'),(2208,12,54,'49.9','2023-01-19 14:27:59'),(2209,12,54,'50','2023-01-19 14:28:09'),(2210,12,54,'50','2023-01-19 14:28:19'),(2211,12,54,'50','2023-01-19 14:28:29'),(2212,12,54,'50','2023-01-19 14:28:39'),(2213,12,54,'50','2023-01-19 14:28:49'),(2214,12,54,'50','2023-01-19 14:28:59'),(2215,12,54,'50','2023-01-19 14:29:10'),(2216,12,54,'50','2023-01-19 14:29:19'),(2217,12,54,'50.1','2023-01-19 14:29:29'),(2218,12,54,'50.1','2023-01-19 14:29:39'),(2219,12,54,'50.1','2023-01-19 14:29:50'),(2220,12,54,'50.2','2023-01-19 14:29:59'),(2221,12,54,'50.2','2023-01-19 14:30:09'),(2222,12,54,'50.1','2023-01-19 14:30:19'),(2223,12,54,'50.1','2023-01-19 14:30:29'),(2224,12,54,'50.1','2023-01-19 14:30:39'),(2225,12,54,'50.2','2023-01-19 14:30:49'),(2226,12,54,'50.1','2023-01-19 14:30:59'),(2227,12,54,'50.1','2023-01-19 14:31:09'),(2228,12,54,'50.1','2023-01-19 14:31:19'),(2229,12,54,'50.1','2023-01-19 14:31:29'),(2230,12,54,'50.1','2023-01-19 14:31:39'),(2231,12,54,'50.1','2023-01-19 14:31:49'),(2232,12,54,'50.1','2023-01-19 14:31:59'),(2233,12,54,'50.1','2023-01-19 14:32:10'),(2234,12,54,'50.1','2023-01-19 14:32:19'),(2235,12,54,'50.1','2023-01-19 14:32:29'),(2236,12,54,'50.1','2023-01-19 14:32:39'),(2237,12,54,'50.1','2023-01-19 14:32:49'),(2238,12,54,'50.1','2023-01-19 14:32:59'),(2239,12,54,'50.1','2023-01-19 14:33:09'),(2240,12,54,'50.1','2023-01-19 14:33:19'),(2241,12,54,'50.1','2023-01-19 14:33:29'),(2242,12,54,'50.1','2023-01-19 14:33:39'),(2243,12,54,'50.1','2023-01-19 14:33:49'),(2244,12,54,'50.1','2023-01-19 14:33:59'),(2245,12,54,'50','2023-01-19 14:34:09'),(2246,12,54,'50','2023-01-19 14:34:19'),(2247,12,54,'50','2023-01-19 14:34:29'),(2248,12,54,'50','2023-01-19 14:34:39'),(2249,12,54,'50','2023-01-19 14:34:49'),(2250,12,54,'50','2023-01-19 14:34:59'),(2251,12,54,'50','2023-01-19 14:35:09'),(2252,12,54,'50','2023-01-19 14:35:19'),(2253,12,54,'50','2023-01-19 14:35:29'),(2254,12,54,'50','2023-01-19 14:35:39'),(2255,12,54,'50','2023-01-19 14:35:49'),(2256,12,54,'50','2023-01-19 14:35:59'),(2257,12,54,'50','2023-01-19 14:36:09'),(2258,12,54,'50','2023-01-19 14:36:19'),(2259,12,54,'50','2023-01-19 14:36:29'),(2260,12,54,'50','2023-01-19 14:36:39'),(2261,12,54,'49.9','2023-01-19 14:36:49'),(2262,12,54,'50','2023-01-19 14:36:59'),(2263,12,54,'49.9','2023-01-19 14:37:09'),(2264,12,54,'50','2023-01-19 14:37:19'),(2265,12,54,'50','2023-01-19 14:37:29'),(2266,12,54,'50','2023-01-19 14:37:39'),(2267,12,54,'50','2023-01-19 14:37:49'),(2268,12,54,'50','2023-01-19 14:37:59'),(2269,12,54,'50','2023-01-19 14:38:09'),(2270,12,54,'50','2023-01-19 14:38:19'),(2271,12,54,'50','2023-01-19 14:38:29'),(2272,12,54,'50','2023-01-19 14:38:39'),(2273,12,54,'50','2023-01-19 14:38:49'),(2274,12,54,'50','2023-01-19 14:38:59'),(2275,12,54,'50','2023-01-19 14:39:09'),(2276,12,54,'50','2023-01-19 14:39:19'),(2277,12,54,'50','2023-01-19 14:39:29'),(2278,12,54,'50','2023-01-19 14:39:39'),(2279,12,54,'50','2023-01-19 14:39:49'),(2280,12,54,'50','2023-01-19 14:39:59'),(2281,12,54,'50','2023-01-19 14:40:09'),(2282,12,54,'50','2023-01-19 14:40:19'),(2283,12,54,'50','2023-01-19 14:40:29'),(2284,12,54,'50','2023-01-19 14:40:39'),(2285,12,54,'50','2023-01-19 14:40:49'),(2286,12,54,'50','2023-01-19 14:40:59'),(2287,12,54,'50','2023-01-19 14:41:09'),(2288,12,54,'50','2023-01-19 14:41:19'),(2289,12,54,'50','2023-01-19 14:41:29'),(2290,12,54,'50','2023-01-19 14:41:39'),(2291,12,54,'50','2023-01-19 14:41:49'),(2292,12,54,'50','2023-01-19 14:41:59'),(2293,12,54,'50','2023-01-19 14:42:09'),(2294,12,54,'50','2023-01-19 14:42:19'),(2295,12,54,'50','2023-01-19 14:42:29'),(2296,12,54,'50','2023-01-19 14:42:39'),(2297,12,54,'50','2023-01-19 14:42:49'),(2298,12,54,'50','2023-01-19 14:42:59'),(2299,12,54,'50','2023-01-19 14:43:09'),(2300,12,54,'50','2023-01-19 14:43:19'),(2301,12,54,'50','2023-01-19 14:43:29'),(2302,12,54,'50','2023-01-19 14:43:39'),(2303,12,54,'50','2023-01-19 14:43:49'),(2304,12,54,'50','2023-01-19 14:43:59'),(2305,12,54,'50','2023-01-19 14:44:09'),(2306,12,54,'50','2023-01-19 14:44:19'),(2307,12,54,'50','2023-01-19 14:44:29'),(2308,12,54,'50','2023-01-19 14:44:39'),(2309,12,54,'50','2023-01-19 14:44:49'),(2310,12,54,'50','2023-01-19 14:44:59'),(2311,12,54,'50','2023-01-19 14:45:09'),(2312,12,54,'50','2023-01-19 14:45:19'),(2313,12,54,'50','2023-01-19 14:45:29'),(2314,12,54,'50','2023-01-19 14:45:39'),(2315,12,54,'50','2023-01-19 14:45:49'),(2316,12,54,'50','2023-01-19 14:45:59'),(2317,12,54,'50','2023-01-19 14:46:09'),(2318,12,54,'50','2023-01-19 14:46:19'),(2319,12,54,'50','2023-01-19 14:46:29'),(2320,12,54,'50','2023-01-19 14:46:39'),(2321,12,54,'50','2023-01-19 14:46:49'),(2322,12,54,'50','2023-01-19 14:46:59'),(2323,12,54,'50','2023-01-19 14:47:09'),(2324,12,54,'50','2023-01-19 14:47:19'),(2325,12,54,'50','2023-01-19 14:47:29'),(2326,12,54,'50','2023-01-19 14:47:39'),(2327,12,54,'50','2023-01-19 14:47:49'),(2328,12,54,'50','2023-01-19 14:47:59'),(2329,12,54,'50','2023-01-19 14:48:09'),(2330,12,54,'50','2023-01-19 14:48:19'),(2331,12,54,'50','2023-01-19 14:48:29'),(2332,12,54,'50','2023-01-19 14:48:39'),(2333,12,54,'50','2023-01-19 14:48:49'),(2334,12,54,'50','2023-01-19 14:48:59'),(2335,12,54,'50','2023-01-19 14:49:10'),(2336,12,54,'50','2023-01-19 14:49:20'),(2337,12,54,'50','2023-01-19 14:49:29'),(2338,12,54,'50','2023-01-19 14:49:39'),(2339,12,54,'50','2023-01-19 14:49:50'),(2340,12,54,'50','2023-01-19 14:50:00'),(2341,12,54,'50','2023-01-19 14:50:10'),(2342,12,54,'50','2023-01-19 14:50:20'),(2343,12,54,'50','2023-01-19 14:50:30'),(2344,12,54,'50','2023-01-19 14:50:39'),(2345,12,54,'50','2023-01-19 14:50:49'),(2346,12,54,'50','2023-01-19 14:51:00'),(2347,12,54,'50','2023-01-19 14:51:10'),(2348,12,54,'50','2023-01-19 14:51:20'),(2349,12,54,'50','2023-01-19 14:51:30'),(2350,12,54,'50','2023-01-19 14:51:40'),(2351,12,54,'50','2023-01-19 14:51:50'),(2352,12,54,'50','2023-01-19 14:52:00'),(2353,12,54,'50','2023-01-19 14:52:10'),(2354,12,54,'50.2','2023-01-19 14:52:20'),(2355,12,54,'50.4','2023-01-19 14:52:30'),(2356,12,54,'50.6','2023-01-19 14:52:40'),(2357,12,54,'50.8','2023-01-19 14:52:50'),(2358,12,54,'51','2023-01-19 14:53:00'),(2359,12,54,'51.3','2023-01-19 14:53:10'),(2360,12,54,'51.5','2023-01-19 14:53:20'),(2361,12,54,'51.7','2023-01-19 14:53:30'),(2362,12,54,'51.9','2023-01-19 14:53:40'),(2363,12,54,'52.1','2023-01-19 14:53:50'),(2364,12,54,'52.3','2023-01-19 14:54:00'),(2365,12,54,'52.5','2023-01-19 14:54:10'),(2366,12,54,'52.7','2023-01-19 14:54:20'),(2367,12,54,'52.9','2023-01-19 14:54:30'),(2368,12,54,'53.1','2023-01-19 14:54:40'),(2369,12,54,'53.4','2023-01-19 14:54:50'),(2370,12,54,'53.5','2023-01-19 14:55:00'),(2371,12,54,'53.8','2023-01-19 14:55:10'),(2372,12,54,'54','2023-01-19 14:55:20'),(2373,12,54,'54.2','2023-01-19 14:55:30'),(2374,12,54,'54.4','2023-01-19 14:55:40'),(2375,12,54,'54.6','2023-01-19 14:55:50'),(2376,12,54,'54.8','2023-01-19 14:56:00'),(2377,12,54,'55','2023-01-19 14:56:10'),(2378,12,54,'55.2','2023-01-19 14:56:20'),(2379,12,54,'55.4','2023-01-19 14:56:30'),(2380,12,54,'55.6','2023-01-19 14:56:40'),(2381,12,54,'55.8','2023-01-19 14:56:50'),(2382,12,54,'56','2023-01-19 14:57:00'),(2383,12,54,'56.2','2023-01-19 14:57:10'),(2384,12,54,'56.4','2023-01-19 14:57:20'),(2385,12,54,'56.6','2023-01-19 14:57:30'),(2386,12,54,'56.8','2023-01-19 14:57:40'),(2387,12,54,'57','2023-01-19 14:57:50'),(2388,12,54,'57.2','2023-01-19 14:58:00'),(2389,12,54,'57.4','2023-01-19 14:58:10'),(2390,12,54,'57.6','2023-01-19 14:58:20'),(2391,12,54,'57.8','2023-01-19 14:58:30'),(2392,12,54,'58','2023-01-19 14:58:40'),(2393,12,54,'58.2','2023-01-19 14:58:50'),(2394,12,54,'58.4','2023-01-19 14:59:00'),(2395,12,54,'58.6','2023-01-19 14:59:10'),(2396,12,54,'58.8','2023-01-19 14:59:20'),(2397,12,54,'59','2023-01-19 14:59:30'),(2398,12,54,'59.2','2023-01-19 14:59:40'),(2399,12,54,'59.4','2023-01-19 14:59:50'),(2400,12,54,'59.6','2023-01-19 15:00:00'),(2401,12,54,'59.7','2023-01-19 15:00:10'),(2402,12,54,'59.9','2023-01-19 15:00:20'),(2403,12,54,'60.1','2023-01-19 15:00:30'),(2404,12,54,'60.3','2023-01-19 15:00:40'),(2405,12,54,'60.5','2023-01-19 15:00:50'),(2406,12,54,'60.7','2023-01-19 15:01:00'),(2407,12,54,'60.9','2023-01-19 15:01:10'),(2408,12,54,'61.1','2023-01-19 15:01:20'),(2409,12,54,'61.2','2023-01-19 15:01:30'),(2410,12,54,'61.4','2023-01-19 15:01:40'),(2411,12,54,'61.7','2023-01-19 15:01:50'),(2412,12,54,'61.9','2023-01-19 15:02:00'),(2413,12,54,'62.1','2023-01-19 15:02:10'),(2414,12,54,'62.3','2023-01-19 15:02:20'),(2415,12,54,'62.4','2023-01-19 15:02:30'),(2416,12,54,'62.6','2023-01-19 15:02:40'),(2417,12,54,'62.9','2023-01-19 15:02:50'),(2418,12,54,'63','2023-01-19 15:03:00'),(2419,12,54,'63.2','2023-01-19 15:03:10'),(2420,12,54,'63.4','2023-01-19 15:03:20'),(2421,12,54,'63.6','2023-01-19 15:03:30'),(2422,12,54,'63.8','2023-01-19 15:03:40'),(2423,12,54,'64','2023-01-19 15:03:50'),(2424,12,54,'64.2','2023-01-19 15:04:00'),(2425,12,54,'64.3','2023-01-19 15:04:10'),(2426,12,54,'64.5','2023-01-19 15:04:20'),(2427,12,54,'64.7','2023-01-19 15:04:30'),(2428,12,54,'64.9','2023-01-19 15:04:40'),(2429,12,54,'65.1','2023-01-19 15:04:50'),(2430,12,54,'65.3','2023-01-19 15:05:00'),(2431,12,54,'65.5','2023-01-19 15:05:10'),(2432,12,54,'65.7','2023-01-19 15:05:20'),(2433,12,54,'65.9','2023-01-19 15:05:30'),(2434,12,54,'66','2023-01-19 15:05:40'),(2435,12,54,'66.2','2023-01-19 15:05:50'),(2436,12,54,'66.4','2023-01-19 15:06:00'),(2437,12,54,'66.6','2023-01-19 15:06:10'),(2438,12,54,'66.8','2023-01-19 15:06:20'),(2439,12,54,'66.9','2023-01-19 15:06:30'),(2440,12,54,'67.1','2023-01-19 15:06:40'),(2441,12,54,'67.3','2023-01-19 15:06:50'),(2442,12,54,'67.4','2023-01-19 15:07:00'),(2443,12,54,'67.5','2023-01-19 15:07:10'),(2444,12,54,'67.7','2023-01-19 15:07:20'),(2445,12,54,'67.9','2023-01-19 15:07:30'),(2446,12,54,'68','2023-01-19 15:07:40'),(2447,12,54,'68.2','2023-01-19 15:07:50'),(2448,12,54,'68.3','2023-01-19 15:08:00'),(2449,12,54,'68.5','2023-01-19 15:08:10'),(2450,12,54,'68.7','2023-01-19 15:08:21'),(2451,12,54,'68.8','2023-01-19 15:08:30'),(2452,12,54,'68.9','2023-01-19 15:08:40'),(2453,12,54,'69','2023-01-19 15:08:50'),(2454,12,54,'69.1','2023-01-19 15:09:00'),(2455,12,54,'69.2','2023-01-19 15:09:10'),(2456,12,54,'69.4','2023-01-19 15:09:20'),(2457,12,54,'69.4','2023-01-19 15:09:30'),(2458,12,54,'69.5','2023-01-19 15:09:40'),(2459,12,54,'69.6','2023-01-19 15:09:50'),(2460,12,54,'69.7','2023-01-19 15:10:00'),(2461,12,54,'69.8','2023-01-19 15:10:10'),(2462,12,54,'69.8','2023-01-19 15:10:20'),(2463,12,54,'69.8','2023-01-19 15:10:30'),(2464,12,54,'69.9','2023-01-19 15:10:40'),(2465,12,54,'69.9','2023-01-19 15:10:50'),(2466,12,54,'70','2023-01-19 15:11:00'),(2467,12,54,'70','2023-01-19 15:11:10'),(2468,12,54,'70','2023-01-19 15:11:20'),(2469,12,54,'70','2023-01-19 15:11:30'),(2470,12,54,'70.1','2023-01-19 15:11:40'),(2471,12,54,'70.1','2023-01-19 15:11:50'),(2472,12,54,'70.1','2023-01-19 15:12:00'),(2473,12,54,'70.1','2023-01-19 15:12:11'),(2474,12,54,'70.1','2023-01-19 15:12:20'),(2475,12,54,'70','2023-01-19 15:12:30'),(2476,12,54,'70','2023-01-19 15:12:40'),(2477,12,54,'70','2023-01-19 15:12:50'),(2478,12,54,'70','2023-01-19 15:13:00'),(2479,12,54,'69.9','2023-01-19 15:13:10'),(2480,12,54,'69.9','2023-01-19 15:13:20'),(2481,12,54,'69.9','2023-01-19 15:13:30'),(2482,12,54,'69.9','2023-01-19 15:13:40'),(2483,12,54,'69.9','2023-01-19 15:13:50'),(2484,12,54,'69.8','2023-01-19 15:14:00'),(2485,12,54,'69.8','2023-01-19 15:14:10'),(2486,12,54,'69.8','2023-01-19 15:14:20'),(2487,12,54,'69.8','2023-01-19 15:14:30'),(2488,12,54,'69.8','2023-01-19 15:14:40'),(2489,12,54,'69.8','2023-01-19 15:14:50'),(2490,12,54,'69.8','2023-01-19 15:15:00'),(2491,12,54,'69.8','2023-01-19 15:15:10'),(2492,12,54,'69.8','2023-01-19 15:15:20'),(2493,12,54,'69.8','2023-01-19 15:15:30'),(2494,12,54,'69.9','2023-01-19 15:15:40'),(2495,12,54,'69.9','2023-01-19 15:15:50'),(2496,12,54,'69.9','2023-01-19 15:16:00'),(2497,12,54,'69.9','2023-01-19 15:16:10'),(2498,12,54,'69.9','2023-01-19 15:16:20'),(2499,12,54,'69.9','2023-01-19 15:16:30'),(2500,12,54,'70','2023-01-19 15:16:40'),(2501,12,54,'70','2023-01-19 15:16:50'),(2502,12,54,'70','2023-01-19 15:17:00'),(2503,12,54,'70','2023-01-19 15:17:10'),(2504,12,54,'70','2023-01-19 15:17:20'),(2505,12,54,'70','2023-01-19 15:17:30'),(2506,12,54,'70','2023-01-19 15:17:40'),(2507,12,54,'70','2023-01-19 15:17:50'),(2508,12,54,'70','2023-01-19 15:18:00'),(2509,12,54,'70','2023-01-19 15:18:10'),(2510,12,54,'70.1','2023-01-19 15:18:20'),(2511,12,54,'70','2023-01-19 15:18:30'),(2512,12,54,'70','2023-01-19 15:18:40'),(2513,12,54,'70.1','2023-01-19 15:18:50'),(2514,12,54,'70.1','2023-01-19 15:19:00'),(2515,12,54,'70.1','2023-01-19 15:19:10'),(2516,12,54,'70.1','2023-01-19 15:19:20'),(2517,12,54,'70.1','2023-01-19 15:19:30'),(2518,12,54,'70.1','2023-01-19 15:19:40'),(2519,12,54,'70.1','2023-01-19 15:19:50'),(2520,12,54,'70.1','2023-01-19 15:20:00'),(2521,12,54,'70.1','2023-01-19 15:20:10'),(2522,12,54,'70.1','2023-01-19 15:20:20'),(2523,12,54,'70.1','2023-01-19 15:20:30'),(2524,12,54,'70.1','2023-01-19 15:20:40'),(2525,12,54,'70.1','2023-01-19 15:20:50'),(2526,12,54,'70.1','2023-01-19 15:21:00'),(2527,12,54,'70','2023-01-19 15:21:10'),(2528,12,54,'70','2023-01-19 15:21:20'),(2529,12,54,'70.1','2023-01-19 15:21:30'),(2530,12,54,'70','2023-01-19 15:21:40'),(2531,12,54,'70.1','2023-01-19 15:21:50'),(2532,12,54,'70','2023-01-19 15:22:00'),(2533,12,54,'70.1','2023-01-19 15:22:10'),(2534,12,54,'70.1','2023-01-19 15:22:20'),(2535,12,54,'70','2023-01-19 15:22:30'),(2536,12,54,'70','2023-01-19 15:22:40'),(2537,12,54,'70','2023-01-19 15:22:50'),(2538,12,54,'70','2023-01-19 15:23:00'),(2539,12,54,'70','2023-01-19 15:23:10'),(2540,12,54,'70','2023-01-19 15:23:20'),(2541,12,54,'70','2023-01-19 15:23:30'),(2542,12,54,'70','2023-01-19 15:23:40'),(2543,12,54,'70','2023-01-19 15:23:50'),(2544,12,54,'70','2023-01-19 15:24:00'),(2545,12,54,'70','2023-01-19 15:24:10'),(2546,12,54,'70','2023-01-19 15:24:20'),(2547,12,54,'69.9','2023-01-19 15:24:30'),(2548,12,54,'70','2023-01-19 15:24:40'),(2549,12,54,'70','2023-01-19 15:24:50'),(2550,12,54,'70','2023-01-19 15:25:00'),(2551,12,54,'69.9','2023-01-19 15:25:10'),(2552,12,54,'70','2023-01-19 15:25:20'),(2553,12,54,'69.9','2023-01-19 15:25:30'),(2554,12,54,'70','2023-01-19 15:25:40'),(2555,12,54,'70','2023-01-19 15:25:50'),(2556,12,54,'69.9','2023-01-19 15:26:00'),(2557,12,54,'70','2023-01-19 15:26:10'),(2558,12,54,'70','2023-01-19 15:26:20'),(2559,12,54,'70','2023-01-19 15:26:30'),(2560,12,54,'70','2023-01-19 15:26:40'),(2561,12,54,'70','2023-01-19 15:26:50'),(2562,12,54,'70','2023-01-19 15:27:00'),(2563,12,54,'70','2023-01-19 15:27:10'),(2564,12,54,'70','2023-01-19 15:27:20'),(2565,12,54,'70','2023-01-19 15:27:30'),(2566,12,54,'70','2023-01-19 15:27:40'),(2567,12,54,'70','2023-01-19 15:27:50'),(2568,12,54,'70','2023-01-19 15:28:00'),(2569,12,54,'70','2023-01-19 15:28:10'),(2570,12,54,'70','2023-01-19 15:28:20'),(2571,12,54,'69.9','2023-01-19 15:28:30'),(2572,12,54,'70','2023-01-19 15:28:40'),(2573,12,54,'70','2023-01-19 15:28:50'),(2574,12,54,'70','2023-01-19 15:29:00'),(2575,12,54,'70','2023-01-19 15:29:10'),(2576,12,54,'70','2023-01-19 15:29:20'),(2577,12,54,'70','2023-01-19 15:29:30'),(2578,12,54,'70','2023-01-19 15:29:40'),(2579,12,54,'70','2023-01-19 15:29:50'),(2580,12,54,'70','2023-01-19 15:30:00'),(2581,12,54,'70','2023-01-19 15:30:10'),(2582,12,54,'70','2023-01-19 15:30:20'),(2583,12,54,'70','2023-01-19 15:30:30'),(2584,12,54,'70','2023-01-19 15:30:40'),(2585,12,54,'70','2023-01-19 15:30:50'),(2586,12,54,'70','2023-01-19 15:31:00'),(2587,12,54,'70','2023-01-19 15:31:10'),(2588,12,54,'70','2023-01-19 15:31:20'),(2589,12,54,'70.1','2023-01-19 15:31:30'),(2590,12,54,'70','2023-01-19 15:31:40'),(2591,12,54,'70','2023-01-19 15:31:50'),(2592,12,54,'70','2023-01-19 15:32:01'),(2593,12,54,'70','2023-01-19 15:32:10'),(2594,12,54,'70','2023-01-19 15:32:20'),(2595,12,54,'70','2023-01-19 15:32:30'),(2596,12,54,'70','2023-01-19 15:32:40'),(2597,12,54,'70','2023-01-19 15:32:50'),(2598,12,54,'70','2023-01-19 15:33:00'),(2599,12,54,'70.1','2023-01-19 15:33:10'),(2600,12,54,'70.1','2023-01-19 15:33:20'),(2601,12,54,'70.1','2023-01-19 15:33:31'),(2602,12,54,'70.1','2023-01-19 15:33:40'),(2603,12,54,'70','2023-01-19 15:33:50'),(2604,12,54,'70','2023-01-19 15:34:01'),(2605,12,54,'70','2023-01-19 15:34:10'),(2606,12,54,'70','2023-01-19 15:34:21'),(2607,12,54,'70','2023-01-19 15:34:31'),(2608,12,54,'70','2023-01-19 15:34:41'),(2609,12,54,'70','2023-01-19 15:34:51'),(2610,12,54,'70','2023-01-19 15:35:01'),(2611,12,54,'70','2023-01-19 15:35:11'),(2612,12,54,'70','2023-01-19 15:35:21'),(2613,12,54,'70','2023-01-19 15:35:31'),(2614,12,54,'70','2023-01-19 15:35:41'),(2615,12,54,'70','2023-01-19 15:35:51'),(2616,12,54,'70','2023-01-19 15:36:01'),(2617,12,54,'69.9','2023-01-19 15:36:11'),(2618,12,54,'70','2023-01-19 15:36:21'),(2619,12,54,'70','2023-01-19 15:36:31'),(2620,12,54,'70','2023-01-19 15:36:41'),(2621,12,54,'70','2023-01-19 15:36:51'),(2622,12,54,'70','2023-01-19 15:37:01'),(2623,12,54,'70','2023-01-19 15:37:11'),(2624,12,54,'69.9','2023-01-19 15:37:21'),(2625,12,54,'70','2023-01-19 15:37:31'),(2626,12,54,'69.9','2023-01-19 15:37:41'),(2627,12,54,'70','2023-01-19 15:37:51'),(2628,12,54,'70','2023-01-19 15:38:01'),(2629,12,54,'70','2023-01-19 15:38:11'),(2630,12,54,'70','2023-01-19 15:38:21'),(2631,12,54,'70','2023-01-19 15:38:31'),(2632,12,54,'70','2023-01-19 15:38:41'),(2633,12,54,'69.9','2023-01-19 15:38:51'),(2634,12,54,'69.9','2023-01-19 15:39:01');
/*!40000 ALTER TABLE `result_time_logs` ENABLE KEYS */;
UNLOCK TABLES;

--
-- Table structure for table `runs`
--

DROP TABLE IF EXISTS `runs`;
/*!40101 SET @saved_cs_client     = @@character_set_client */;
/*!50503 SET character_set_client = utf8mb4 */;
CREATE TABLE `runs` (
  `id` int NOT NULL AUTO_INCREMENT,
  `result_title` varchar(200) NOT NULL,
  `comment` varchar(500) DEFAULT NULL,
  `created_at` datetime DEFAULT NULL,
  PRIMARY KEY (`id`)
) ENGINE=InnoDB AUTO_INCREMENT=38 DEFAULT CHARSET=utf8mb4 COLLATE=utf8mb4_0900_ai_ci;
/*!40101 SET character_set_client = @saved_cs_client */;

--
-- Dumping data for table `runs`
--

LOCK TABLES `runs` WRITE;
/*!40000 ALTER TABLE `runs` DISABLE KEYS */;
INSERT INTO `runs` VALUES (1,'valve',NULL,'2023-01-16 16:35:01'),(2,'test all',NULL,'2023-01-16 18:07:30'),(3,'test all',NULL,'2023-01-16 18:19:58'),(4,'0117_test',NULL,'2023-01-17 11:07:23'),(5,'0117_test',NULL,'2023-01-17 11:13:22'),(6,'0117_test',NULL,'2023-01-17 11:14:11'),(7,'0117_test',NULL,'2023-01-17 11:22:31'),(8,'alert',NULL,'2023-01-17 14:35:42'),(9,'alert',NULL,'2023-01-17 14:36:09'),(10,'0117_3flow',NULL,'2023-01-17 16:31:50'),(11,'0117_3flow',NULL,'2023-01-18 15:36:16'),(12,'0117_3flow',NULL,'2023-01-19 13:33:46'),(13,'20230413','testcomment','2023-04-13 11:15:42'),(14,'20230413',NULL,'2023-04-13 15:32:35'),(15,'20230413','resultdataお試し','2023-04-13 15:37:02'),(16,'20230413',NULL,'2023-04-13 15:46:44'),(17,'20230413',NULL,'2023-04-13 15:50:34'),(18,'20230413',NULL,'2023-04-13 15:52:14'),(19,'20230413','resultdata試し','2023-04-13 15:53:55'),(20,'20230413',NULL,'2023-04-13 15:57:39'),(21,'20230413',NULL,'2023-04-13 16:07:25'),(22,'20230413',NULL,'2023-04-13 16:11:30'),(23,'20230413',NULL,'2023-04-13 16:12:50'),(24,'20230413',NULL,'2023-04-13 16:14:47'),(25,'20230413',NULL,'2023-04-13 16:16:07'),(26,'20230413',NULL,'2023-04-13 16:24:44'),(27,'20230413',NULL,'2023-04-13 16:25:53'),(28,'20230413',NULL,'2023-04-13 16:29:11'),(29,'20230413',NULL,'2023-04-13 16:29:57'),(30,'20230413',NULL,'2023-04-13 16:33:14'),(31,'20230413',NULL,'2023-04-13 16:34:25'),(32,'20230413',NULL,'2023-04-13 16:34:54'),(33,'20230413',NULL,'2023-04-13 16:36:14'),(34,'20230413','こんにちは','2023-04-13 16:46:22'),(35,'20230413','コメント変更確認','2023-04-13 16:46:34'),(36,'20230413',NULL,'2023-04-24 13:49:24'),(37,'20230413','4月27日だよ','2023-04-27 13:32:46');
/*!40000 ALTER TABLE `runs` ENABLE KEYS */;
UNLOCK TABLES;

--
-- Table structure for table `settings`
--

DROP TABLE IF EXISTS `settings`;
/*!40101 SET @saved_cs_client     = @@character_set_client */;
/*!50503 SET character_set_client = utf8mb4 */;
CREATE TABLE `settings` (
  `id` int NOT NULL AUTO_INCREMENT,
  `argument` varchar(200) NOT NULL,
  `explanation` varchar(500) NOT NULL,
  `value` varchar(200) NOT NULL,
  `updated_at` datetime DEFAULT NULL,
  PRIMARY KEY (`id`)
) ENGINE=InnoDB AUTO_INCREMENT=13 DEFAULT CHARSET=utf8mb4 COLLATE=utf8mb4_0900_ai_ci;
/*!40101 SET character_set_client = @saved_cs_client */;

--
-- Dumping data for table `settings`
--

LOCK TABLES `settings` WRITE;
/*!40000 ALTER TABLE `settings` DISABLE KEYS */;
INSERT INTO `settings` VALUES (1,'tempError','How much margin of error is acceptable? [℃]','0.45','2023-01-16 19:18:06'),(2,'samplingNumber','How many times is the data acquired considered steady-state? [-]','100','2023-01-16 19:18:06'),(3,'interval','Interval of temperature acquisition for steady-state [s]','3','2023-01-16 19:18:06'),(4,'maxTime','How much is maximum steady-state waiting time? [s]','2400','2023-01-16 19:18:06'),(5,'tempStep','Difference between the value used as a step and the desired set value for the temperature control. [℃]','0.6','2023-01-16 19:18:06'),(6,'monitorInterval','Interval for status monitoring [s]','10','2023-01-16 19:18:06'),(7,'dtempError','default','0.45',NULL),(8,'dsamplingNumber','default','100',NULL),(9,'dinterval','default','3',NULL),(10,'dmaxTime','default','2400',NULL),(11,'dtempStep','default','0.7',NULL),(12,'dmonitorInterval','default','5',NULL);
/*!40000 ALTER TABLE `settings` ENABLE KEYS */;
UNLOCK TABLES;
/*!40103 SET TIME_ZONE=@OLD_TIME_ZONE */;

/*!40101 SET SQL_MODE=@OLD_SQL_MODE */;
/*!40014 SET FOREIGN_KEY_CHECKS=@OLD_FOREIGN_KEY_CHECKS */;
/*!40014 SET UNIQUE_CHECKS=@OLD_UNIQUE_CHECKS */;
/*!40101 SET CHARACTER_SET_CLIENT=@OLD_CHARACTER_SET_CLIENT */;
/*!40101 SET CHARACTER_SET_RESULTS=@OLD_CHARACTER_SET_RESULTS */;
/*!40101 SET COLLATION_CONNECTION=@OLD_COLLATION_CONNECTION */;
/*!40111 SET SQL_NOTES=@OLD_SQL_NOTES */;

-- Dump completed on 2023-05-08 11:38:03
